INSERT INTO ERP_USER (ID, USERNAME, PASSWORD, FIRSTNAME, LASTNAME, EMAIL, ENABLED, LASTPASSWORDRESETDATE, UPDATED, DATE_CREATED, OPERATION) VALUES (1, 'admin', '$2a$08$lDnHPz7eUkSi6ao14Twuau08mzhWrL4kyZGGU5xfiGALO/Vxd5DOi', 'System', 'Administrator', 'admin@admin.com', true, TO_TIMESTAMP('01-01-2016', 'dd-MM-yyyy'), NOW(), NOW(), 'CREATED');
INSERT INTO ERP_USER (ID, USERNAME, PASSWORD, FIRSTNAME, LASTNAME, EMAIL, ENABLED, LASTPASSWORDRESETDATE, UPDATED, DATE_CREATED, OPERATION) VALUES (2, 'user', '$2a$08$UkVvwpULis18S19S5pZFn.YHPZt3oaqHZnDwqbCW9pft6uFtkXKDC', 'Default', 'User', 'enabled@user.com', true, TO_TIMESTAMP('01-01-2016','dd-MM-yyyy'), NOW(), NOW(), 'CREATED');
INSERT INTO ERP_USER (ID, USERNAME, PASSWORD, FIRSTNAME, LASTNAME, EMAIL, ENABLED, LASTPASSWORDRESETDATE, UPDATED, DATE_CREATED, OPERATION) VALUES (3, 'disabled', '$2a$08$UkVvwpULis18S19S5pZFn.YHPZt3oaqHZnDwqbCW9pft6uFtkXKDC', 'user', 'user', 'disabled@user.com', false, TO_TIMESTAMP('01-01-2016','dd-MM-yyyy'), NOW(), NOW(), 'CREATED');

INSERT INTO AUTHORITY (ID, NAME, UPDATED, DATE_CREATED, OPERATION) VALUES (1, 'ROLE_USER', NOW(), NOW(), 'CREATED');
INSERT INTO AUTHORITY (ID, NAME, UPDATED, DATE_CREATED, OPERATION) VALUES (2, 'ROLE_SYS_ADMIN', NOW(), NOW(), 'CREATED');

INSERT INTO AREA (ID, LOCATION, UPDATED, DATE_CREATED, OPERATION) VALUES (1, 'AKLAN', NOW(), NOW(), 'CREATED');
INSERT INTO AREA (ID, LOCATION, UPDATED, DATE_CREATED, OPERATION) VALUES (2, 'BATAAN', NOW(), NOW(), 'CREATED');
INSERT INTO AREA (ID, LOCATION, UPDATED, DATE_CREATED, OPERATION) VALUES (3, 'BATAAN NORTH', NOW(), NOW(), 'CREATED');
INSERT INTO AREA (ID, LOCATION, UPDATED, DATE_CREATED, OPERATION) VALUES (4, 'BATAAN SOUTH', NOW(), NOW(), 'CREATED');
INSERT INTO AREA (ID, LOCATION, UPDATED, DATE_CREATED, OPERATION) VALUES (5, 'BICOL', NOW(), NOW(), 'CREATED');
INSERT INTO AREA (ID, LOCATION, UPDATED, DATE_CREATED, OPERATION) VALUES (6, 'FIELD OFFICE', NOW(), NOW(), 'CREATED');
INSERT INTO AREA (ID, LOCATION, UPDATED, DATE_CREATED, OPERATION) VALUES (7, 'HEAD OFFICE', NOW(), NOW(), 'CREATED');
INSERT INTO AREA (ID, LOCATION, UPDATED, DATE_CREATED, OPERATION) VALUES (8, 'NCR & CALABARZON', NOW(), NOW(), 'CREATED');
INSERT INTO AREA (ID, LOCATION, UPDATED, DATE_CREATED, OPERATION) VALUES (9, 'NEGROS', NOW(), NOW(), 'CREATED');
INSERT INTO AREA (ID, LOCATION, UPDATED, DATE_CREATED, OPERATION) VALUES (10, 'SAMAR', NOW(), NOW(), 'CREATED');
INSERT INTO AREA (ID, LOCATION, UPDATED, DATE_CREATED, OPERATION) VALUES (11, 'LEYTE', NOW(), NOW(), 'CREATED');


INSERT INTO USER_AUTHORITY (USER_ID, AUTHORITY_ID) VALUES (1, 1);
INSERT INTO USER_AUTHORITY (USER_ID, AUTHORITY_ID) VALUES (1, 2);
INSERT INTO USER_AUTHORITY (USER_ID, AUTHORITY_ID) VALUES (2, 1);
INSERT INTO USER_AUTHORITY (USER_ID, AUTHORITY_ID) VALUES (3, 1);

INSERT INTO USER_AREA (USER_ID, AREA_ID) VALUES (1, 6);
INSERT INTO USER_AREA (USER_ID, AREA_ID) VALUES (2, 6);
INSERT INTO USER_AREA (USER_ID, AREA_ID) VALUES (3, 6);