INSERT INTO ERP_USER (ID, USERNAME, PASSWORD, FIRSTNAME, LASTNAME, EMAIL, ENABLED, LASTPASSWORDRESETDATE, UPDATED, DATE_CREATED, OPERATION) VALUES (1, 'admin', '$2a$08$lDnHPz7eUkSi6ao14Twuau08mzhWrL4kyZGGU5xfiGALO/Vxd5DOi', 'System', 'Administrator', 'admin@admin.com', true, TO_TIMESTAMP('01-01-2016', 'dd-MM-yyyy'), NOW(), NOW(), 'CREATED');
INSERT INTO ERP_USER (ID, USERNAME, PASSWORD, FIRSTNAME, LASTNAME, EMAIL, ENABLED, LASTPASSWORDRESETDATE, UPDATED, DATE_CREATED, OPERATION) VALUES (2, 'user', '$2a$08$UkVvwpULis18S19S5pZFn.YHPZt3oaqHZnDwqbCW9pft6uFtkXKDC', 'Default', 'User', 'enabled@user.com', true, TO_TIMESTAMP('01-01-2016','dd-MM-yyyy'), NOW(), NOW(), 'CREATED');
INSERT INTO ERP_USER (ID, USERNAME, PASSWORD, FIRSTNAME, LASTNAME, EMAIL, ENABLED, LASTPASSWORDRESETDATE, UPDATED, DATE_CREATED, OPERATION) VALUES (3, 'disabled', '$2a$08$UkVvwpULis18S19S5pZFn.YHPZt3oaqHZnDwqbCW9pft6uFtkXKDC', 'user', 'user', 'disabled@user.com', false, TO_TIMESTAMP('01-01-2016','dd-MM-yyyy'), NOW(), NOW(), 'CREATED');

INSERT INTO AUTHORITY (ID, NAME, UPDATED, DATE_CREATED, OPERATION) VALUES (1, 'ROLE_USER', NOW(), NOW(), 'CREATED');
INSERT INTO AUTHORITY (ID, NAME, UPDATED, DATE_CREATED, OPERATION) VALUES (2, 'ROLE_SYS_ADMIN', NOW(), NOW(), 'CREATED');

INSERT INTO AREA (ID, LOCATION, UPDATED, DATE_CREATED, OPERATION) VALUES (1, 'AKLAN', NOW(), NOW(), 'CREATED');
INSERT INTO AREA (ID, LOCATION, UPDATED, DATE_CREATED, OPERATION) VALUES (2, 'BATAAN', NOW(), NOW(), 'CREATED');
INSERT INTO AREA (ID, LOCATION, UPDATED, DATE_CREATED, OPERATION) VALUES (3, 'BATAAN NORTH', NOW(), NOW(), 'CREATED');
INSERT INTO AREA (ID, LOCATION, UPDATED, DATE_CREATED, OPERATION) VALUES (4, 'BATAAN SOUTH', NOW(), NOW(), 'CREATED');
INSERT INTO AREA (ID, LOCATION, UPDATED, DATE_CREATED, OPERATION) VALUES (5, 'BICOL', NOW(), NOW(), 'CREATED');
INSERT INTO AREA (ID, LOCATION, UPDATED, DATE_CREATED, OPERATION) VALUES (6, 'FIELD OFFICE', NOW(), NOW(), 'CREATED');
INSERT INTO AREA (ID, LOCATION, UPDATED, DATE_CREATED, OPERATION) VALUES (7, 'HEAD OFFICE', NOW(), NOW(), 'CREATED');
INSERT INTO AREA (ID, LOCATION, UPDATED, DATE_CREATED, OPERATION) VALUES (8, 'NCR & CALABARZON', NOW(), NOW(), 'CREATED');
INSERT INTO AREA (ID, LOCATION, UPDATED, DATE_CREATED, OPERATION) VALUES (9, 'NEGROS', NOW(), NOW(), 'CREATED');
INSERT INTO AREA (ID, LOCATION, UPDATED, DATE_CREATED, OPERATION) VALUES (10, 'SAMAR', NOW(), NOW(), 'CREATED');
INSERT INTO AREA (ID, LOCATION, UPDATED, DATE_CREATED, OPERATION) VALUES (11, 'LEYTE', NOW(), NOW(), 'CREATED');


INSERT INTO USER_AUTHORITY (USER_ID, AUTHORITY_ID) VALUES (1, 1);
INSERT INTO USER_AUTHORITY (USER_ID, AUTHORITY_ID) VALUES (1, 2);
INSERT INTO USER_AUTHORITY (USER_ID, AUTHORITY_ID) VALUES (2, 1);
INSERT INTO USER_AUTHORITY (USER_ID, AUTHORITY_ID) VALUES (3, 1);

INSERT INTO USER_AREA (USER_ID, AREA_ID) VALUES (1, 7);
INSERT INTO USER_AREA (USER_ID, AREA_ID) VALUES (1, 3);
INSERT INTO USER_AREA (USER_ID, AREA_ID) VALUES (2, 6);
INSERT INTO USER_AREA (USER_ID, AREA_ID) VALUES (3, 6);

INSERT INTO ERP_REGION (ID, NAME) VALUES (1, 'Metro Manila (NCR)');
INSERT INTO ERP_REGION (ID, NAME) VALUES (2, 'Autonomous Region in Muslim Mindanao (ARMM)');
INSERT INTO ERP_REGION (ID, NAME) VALUES (3, 'Bicol');
INSERT INTO ERP_REGION (ID, NAME) VALUES (4, 'Cagayan Valley');
INSERT INTO ERP_REGION (ID, NAME) VALUES (5, 'Calabarzon');
INSERT INTO ERP_REGION (ID, NAME) VALUES (6, 'Caraga');
INSERT INTO ERP_REGION (ID, NAME) VALUES (7, 'Central Luzon');
INSERT INTO ERP_REGION (ID, NAME) VALUES (8, 'Central Visayas');
INSERT INTO ERP_REGION (ID, NAME) VALUES (9, 'Cordillera Administrative Region (CAR)');
INSERT INTO ERP_REGION (ID, NAME) VALUES (10, 'Davao');
INSERT INTO ERP_REGION (ID, NAME) VALUES (11, 'Eastern Visayas');
INSERT INTO ERP_REGION (ID, NAME) VALUES (12, 'Ilocos');
INSERT INTO ERP_REGION (ID, NAME) VALUES (13, 'Mimaropa');
INSERT INTO ERP_REGION (ID, NAME) VALUES (14, 'Northern Mindanao');
INSERT INTO ERP_REGION (ID, NAME) VALUES (15, 'Soccsksargen');
INSERT INTO ERP_REGION (ID, NAME) VALUES (16, 'Western Visayas');
INSERT INTO ERP_REGION (ID, NAME) VALUES (17, 'Zamboanga Peninsula');

INSERT INTO ERP_CITY (ID, NAME, REGION_ID) VALUES (1, 'Caloocan City', 1);
INSERT INTO ERP_CITY (ID, NAME, REGION_ID) VALUES (2, 'Las Pinas City', 1);
INSERT INTO ERP_CITY (ID, NAME, REGION_ID) VALUES (3, 'Makati City', 1);
INSERT INTO ERP_CITY (ID, NAME, REGION_ID) VALUES (4, 'Malabon City', 1);
INSERT INTO ERP_CITY (ID, NAME, REGION_ID) VALUES (5, 'Mandaluyong City', 1);
INSERT INTO ERP_CITY (ID, NAME, REGION_ID) VALUES (6, 'Manila', 1);
INSERT INTO ERP_CITY (ID, NAME, REGION_ID) VALUES (7, 'Marikina City', 1);
INSERT INTO ERP_CITY (ID, NAME, REGION_ID) VALUES (8, 'Muntinlupa City', 1);
INSERT INTO ERP_CITY (ID, NAME, REGION_ID) VALUES (9, 'Navotas City', 1);
INSERT INTO ERP_CITY (ID, NAME, REGION_ID) VALUES (10, 'Paranaque City', 1);
INSERT INTO ERP_CITY (ID, NAME, REGION_ID) VALUES (11, 'Pasay City', 1);
INSERT INTO ERP_CITY (ID, NAME, REGION_ID) VALUES (12, 'Pasig City', 1);
INSERT INTO ERP_CITY (ID, NAME, REGION_ID) VALUES (13, 'Pateros City', 1);
INSERT INTO ERP_CITY (ID, NAME, REGION_ID) VALUES (14, 'Quezon City', 1);
INSERT INTO ERP_CITY (ID, NAME, REGION_ID) VALUES (15, 'San Juan City', 1);
INSERT INTO ERP_CITY (ID, NAME, REGION_ID) VALUES (16, 'Taguig City', 1);
INSERT INTO ERP_CITY (ID, NAME, REGION_ID) VALUES (17, 'Valenzuela City', 1);

INSERT INTO ERP_CITY (ID, NAME, REGION_ID) VALUES (18, 'Akbar', 2);
INSERT INTO ERP_CITY (ID, NAME, REGION_ID) VALUES (19, 'Al-Barka', 2);
INSERT INTO ERP_CITY (ID, NAME, REGION_ID) VALUES (20, 'Ampatuan', 2);
INSERT INTO ERP_CITY (ID, NAME, REGION_ID) VALUES (21, 'Bacolod-Kalaw1(Bacolod Grande)', 2);
INSERT INTO ERP_CITY (ID, NAME, REGION_ID) VALUES (22, 'Balabagan', 2);
INSERT INTO ERP_CITY (ID, NAME, REGION_ID) VALUES (23, 'Balindong(Watu) ', 2);
INSERT INTO ERP_CITY (ID, NAME, REGION_ID) VALUES (24, 'Barira', 2);
INSERT INTO ERP_CITY (ID, NAME, REGION_ID) VALUES (25, 'Bayang', 2);
INSERT INTO ERP_CITY (ID, NAME, REGION_ID) VALUES (26, 'Binidayan', 2);
INSERT INTO ERP_CITY (ID, NAME, REGION_ID) VALUES (27, 'Bongao', 2);
INSERT INTO ERP_CITY (ID, NAME, REGION_ID) VALUES (28, 'Buadiposo-Buntong', 2);
INSERT INTO ERP_CITY (ID, NAME, REGION_ID) VALUES (29, 'Bubong', 2);
INSERT INTO ERP_CITY (ID, NAME, REGION_ID) VALUES (30, 'Buldon', 2);
INSERT INTO ERP_CITY (ID, NAME, REGION_ID) VALUES (31, 'Buluan', 2);
INSERT INTO ERP_CITY (ID, NAME, REGION_ID) VALUES (32, 'Bumbaran', 2);
INSERT INTO ERP_CITY (ID, NAME, REGION_ID) VALUES (33, 'Butig', 2);
INSERT INTO ERP_CITY (ID, NAME, REGION_ID) VALUES (34, 'Calanogas', 2);
INSERT INTO ERP_CITY (ID, NAME, REGION_ID) VALUES (35, 'City of Isabela', 2);
INSERT INTO ERP_CITY (ID, NAME, REGION_ID) VALUES (36, 'Cotabato', 2);
INSERT INTO ERP_CITY (ID, NAME, REGION_ID) VALUES (37, 'Datu Abdullah Sangki', 2);
INSERT INTO ERP_CITY (ID, NAME, REGION_ID) VALUES (38, 'Datu Anggal Midtimbang', 2);
INSERT INTO ERP_CITY (ID, NAME, REGION_ID) VALUES (39, 'Datu Blah T. Sinsuat', 2);
INSERT INTO ERP_CITY (ID, NAME, REGION_ID) VALUES (40, 'Datu Hoffer Ampatuan', 2);
INSERT INTO ERP_CITY (ID, NAME, REGION_ID) VALUES (41, 'Datu Odin Sinsuat(Dinaig)', 2);
INSERT INTO ERP_CITY (ID, NAME, REGION_ID) VALUES (42, 'Datu Paglas', 2);
INSERT INTO ERP_CITY (ID, NAME, REGION_ID) VALUES (43, 'Datu Piang', 2);
INSERT INTO ERP_CITY (ID, NAME, REGION_ID) VALUES (44, 'Datu Salibo', 2);
INSERT INTO ERP_CITY (ID, NAME, REGION_ID) VALUES (45, 'Datu Saudi-Ampatuan', 2);
INSERT INTO ERP_CITY (ID, NAME, REGION_ID) VALUES (46, 'Datu Unsay', 2);
INSERT INTO ERP_CITY (ID, NAME, REGION_ID) VALUES (47, 'Ditsaan-Ramain', 2);
INSERT INTO ERP_CITY (ID, NAME, REGION_ID) VALUES (48, 'Ganassi', 2);
INSERT INTO ERP_CITY (ID, NAME, REGION_ID) VALUES (49, 'Gen. S.K. Pendatun', 2);
INSERT INTO ERP_CITY (ID, NAME, REGION_ID) VALUES (50, 'Guindulungan', 2);
INSERT INTO ERP_CITY (ID, NAME, REGION_ID) VALUES (51, 'Hadji Mohammad Ajul', 2);
INSERT INTO ERP_CITY (ID, NAME, REGION_ID) VALUES (52, 'Hadji Muhtamad', 2);
INSERT INTO ERP_CITY (ID, NAME, REGION_ID) VALUES (53, 'Hadji Panglima Tahil(Marunggas)', 2);
INSERT INTO ERP_CITY (ID, NAME, REGION_ID) VALUES (54, 'Indanan', 2);
INSERT INTO ERP_CITY (ID, NAME, REGION_ID) VALUES (55, 'Inodaran', 2);
INSERT INTO ERP_CITY (ID, NAME, REGION_ID) VALUES (56, 'Jolo', 2);
INSERT INTO ERP_CITY (ID, NAME, REGION_ID) VALUES (57, 'Kabuntalan (Tumbao)', 2);
INSERT INTO ERP_CITY (ID, NAME, REGION_ID) VALUES (58, 'Kalingalan Caluang', 2);
INSERT INTO ERP_CITY (ID, NAME, REGION_ID) VALUES (59, 'Kansipat', 2);
INSERT INTO ERP_CITY (ID, NAME, REGION_ID) VALUES (60, 'Kapai', 2);
INSERT INTO ERP_CITY (ID, NAME, REGION_ID) VALUES (61, 'Kapatagan', 2);
INSERT INTO ERP_CITY (ID, NAME, REGION_ID) VALUES (62, 'Languyan', 2);
INSERT INTO ERP_CITY (ID, NAME, REGION_ID) VALUES (63, 'Lantawan', 2);
INSERT INTO ERP_CITY (ID, NAME, REGION_ID) VALUES (64, 'Litayan', 2);
INSERT INTO ERP_CITY (ID, NAME, REGION_ID) VALUES (65, 'Lugus', 2);
INSERT INTO ERP_CITY (ID, NAME, REGION_ID) VALUES (66, 'Lumba-Bayabao(Maguing)', 2);
INSERT INTO ERP_CITY (ID, NAME, REGION_ID) VALUES (67, 'Lumbaca-Unayan', 2);
INSERT INTO ERP_CITY (ID, NAME, REGION_ID) VALUES (68, 'Lumbatan', 2);
INSERT INTO ERP_CITY (ID, NAME, REGION_ID) VALUES (69, 'Lumbayanague', 2);
INSERT INTO ERP_CITY (ID, NAME, REGION_ID) VALUES (70, 'Lutayan', 2);
INSERT INTO ERP_CITY (ID, NAME, REGION_ID) VALUES (71, 'Luuk', 2);
INSERT INTO ERP_CITY (ID, NAME, REGION_ID) VALUES (72, 'Madalum', 2);
INSERT INTO ERP_CITY (ID, NAME, REGION_ID) VALUES (73, 'Madamba', 2);
INSERT INTO ERP_CITY (ID, NAME, REGION_ID) VALUES (74, 'Maguing', 2);
INSERT INTO ERP_CITY (ID, NAME, REGION_ID) VALUES (75, 'Maimbung', 2);
INSERT INTO ERP_CITY (ID, NAME, REGION_ID) VALUES (76, 'Malabang', 2);
INSERT INTO ERP_CITY (ID, NAME, REGION_ID) VALUES (77, 'Maluso', 2);
INSERT INTO ERP_CITY (ID, NAME, REGION_ID) VALUES (78, 'Mamasapano', 2);
INSERT INTO ERP_CITY (ID, NAME, REGION_ID) VALUES (79, 'Mangudadatu', 2);
INSERT INTO ERP_CITY (ID, NAME, REGION_ID) VALUES (80, 'Marawi City', 2);
INSERT INTO ERP_CITY (ID, NAME, REGION_ID) VALUES (81, 'Marogong', 2);
INSERT INTO ERP_CITY (ID, NAME, REGION_ID) VALUES (82, 'Masiu', 2);
INSERT INTO ERP_CITY (ID, NAME, REGION_ID) VALUES (83, 'Matanog', 2);
INSERT INTO ERP_CITY (ID, NAME, REGION_ID) VALUES (84, 'Mulondo', 2);
INSERT INTO ERP_CITY (ID, NAME, REGION_ID) VALUES (85, 'Municipality of Mapun', 2);
INSERT INTO ERP_CITY (ID, NAME, REGION_ID) VALUES (86, 'New Batu Batu', 2);
INSERT INTO ERP_CITY (ID, NAME, REGION_ID) VALUES (87, 'Northern Kabuntalan', 2);
INSERT INTO ERP_CITY (ID, NAME, REGION_ID) VALUES (88, 'Old Panamao', 2);
INSERT INTO ERP_CITY (ID, NAME, REGION_ID) VALUES (89, 'Omar', 2);
INSERT INTO ERP_CITY (ID, NAME, REGION_ID) VALUES (90, 'Pagagawan', 2);
INSERT INTO ERP_CITY (ID, NAME, REGION_ID) VALUES (91, 'Pagalungan', 2);
INSERT INTO ERP_CITY (ID, NAME, REGION_ID) VALUES (92, 'Pagayawan', 2);
INSERT INTO ERP_CITY (ID, NAME, REGION_ID) VALUES (93, 'Paglat', 2);
INSERT INTO ERP_CITY (ID, NAME, REGION_ID) VALUES (94, 'Pandag', 2);
INSERT INTO ERP_CITY (ID, NAME, REGION_ID) VALUES (95, 'Pandami', 2);
INSERT INTO ERP_CITY (ID, NAME, REGION_ID) VALUES (96, 'Panglima Estino(New Panamao)', 2);
INSERT INTO ERP_CITY (ID, NAME, REGION_ID) VALUES (97, 'Panglima Sugala(Balimbing)', 2);
INSERT INTO ERP_CITY (ID, NAME, REGION_ID) VALUES (98, 'Pangutaran', 2);
INSERT INTO ERP_CITY (ID, NAME, REGION_ID) VALUES (99, 'Parang, Maguindanao', 2);
INSERT INTO ERP_CITY (ID, NAME, REGION_ID) VALUES (100, 'Parang, Sulu', 2);
INSERT INTO ERP_CITY (ID, NAME, REGION_ID) VALUES (101, 'Pata', 2);
INSERT INTO ERP_CITY (ID, NAME, REGION_ID) VALUES (102, 'Patikul', 2);
INSERT INTO ERP_CITY (ID, NAME, REGION_ID) VALUES (103, 'Piagapo', 2);
INSERT INTO ERP_CITY (ID, NAME, REGION_ID) VALUES (104, 'Picong(Sultan Gumander)', 2);
INSERT INTO ERP_CITY (ID, NAME, REGION_ID) VALUES (105, 'Poona Bayabao(Gata)', 2);
INSERT INTO ERP_CITY (ID, NAME, REGION_ID) VALUES (106, 'Pualas', 2);
INSERT INTO ERP_CITY (ID, NAME, REGION_ID) VALUES (107, 'Rajah Buayan', 2);
INSERT INTO ERP_CITY (ID, NAME, REGION_ID) VALUES (108, 'Saguiaran', 2);
INSERT INTO ERP_CITY (ID, NAME, REGION_ID) VALUES (109, 'Sapa-Sapa', 2);
INSERT INTO ERP_CITY (ID, NAME, REGION_ID) VALUES (110, 'Shariff Aguak(Maganoy)', 2);
INSERT INTO ERP_CITY (ID, NAME, REGION_ID) VALUES (111, 'Shariff Saydona Mustapha', 2);
INSERT INTO ERP_CITY (ID, NAME, REGION_ID) VALUES (112, 'Siasi', 2);
INSERT INTO ERP_CITY (ID, NAME, REGION_ID) VALUES (113, 'Sibutu', 2);
INSERT INTO ERP_CITY (ID, NAME, REGION_ID) VALUES (114, 'Simunul', 2);
INSERT INTO ERP_CITY (ID, NAME, REGION_ID) VALUES (115, 'Sitangkai', 2);
INSERT INTO ERP_CITY (ID, NAME, REGION_ID) VALUES (116, 'South Ubian', 2);
INSERT INTO ERP_CITY (ID, NAME, REGION_ID) VALUES (117, 'South Upi', 2);
INSERT INTO ERP_CITY (ID, NAME, REGION_ID) VALUES (118, 'Sultan Dumalondong', 2);
INSERT INTO ERP_CITY (ID, NAME, REGION_ID) VALUES (119, 'Sultan Kudarat', 2);
INSERT INTO ERP_CITY (ID, NAME, REGION_ID) VALUES (120, 'Sultan Mastura', 2);
INSERT INTO ERP_CITY (ID, NAME, REGION_ID) VALUES (121, 'Sultan sa Barongis', 2);
INSERT INTO ERP_CITY (ID, NAME, REGION_ID) VALUES (122, 'Sumisip', 2);
INSERT INTO ERP_CITY (ID, NAME, REGION_ID) VALUES (123, 'Tabuan-Lasa', 2);
INSERT INTO ERP_CITY (ID, NAME, REGION_ID) VALUES (124, 'Tagoloan li', 2);
INSERT INTO ERP_CITY (ID, NAME, REGION_ID) VALUES (125, 'Talayan', 2);
INSERT INTO ERP_CITY (ID, NAME, REGION_ID) VALUES (126, 'Talipaw', 2);
INSERT INTO ERP_CITY (ID, NAME, REGION_ID) VALUES (127, 'Talitay', 2);
INSERT INTO ERP_CITY (ID, NAME, REGION_ID) VALUES (128, 'Tamparan', 2);
INSERT INTO ERP_CITY (ID, NAME, REGION_ID) VALUES (129, 'Tandubas', 2);
INSERT INTO ERP_CITY (ID, NAME, REGION_ID) VALUES (130, 'Tapul', 2);
INSERT INTO ERP_CITY (ID, NAME, REGION_ID) VALUES (131, 'Taraka', 2);
INSERT INTO ERP_CITY (ID, NAME, REGION_ID) VALUES (132, 'Tipo-Tipo', 2);
INSERT INTO ERP_CITY (ID, NAME, REGION_ID) VALUES (133, 'Tongkil', 2);
INSERT INTO ERP_CITY (ID, NAME, REGION_ID) VALUES (134, 'Tubaran', 2);
INSERT INTO ERP_CITY (ID, NAME, REGION_ID) VALUES (136, 'Tugaya', 2);
INSERT INTO ERP_CITY (ID, NAME, REGION_ID) VALUES (137, 'Turtle Islands', 2);
INSERT INTO ERP_CITY (ID, NAME, REGION_ID) VALUES (138, 'Ungkaya Pukan', 2);
INSERT INTO ERP_CITY (ID, NAME, REGION_ID) VALUES (139, 'Upi', 2);
INSERT INTO ERP_CITY (ID, NAME, REGION_ID) VALUES (140, 'Wao', 2);

INSERT INTO ERP_CITY (ID, NAME, REGION_ID) VALUES (141, 'Aroroy', 3);
INSERT INTO ERP_CITY (ID, NAME, REGION_ID) VALUES (142, 'Baao', 3);
INSERT INTO ERP_CITY (ID, NAME, REGION_ID) VALUES (143, 'Bacacay', 3);
INSERT INTO ERP_CITY (ID, NAME, REGION_ID) VALUES (144, 'Bagamanoc', 3);
INSERT INTO ERP_CITY (ID, NAME, REGION_ID) VALUES (145, 'Balatan', 3);
INSERT INTO ERP_CITY (ID, NAME, REGION_ID) VALUES (146, 'Baleno', 3);
INSERT INTO ERP_CITY (ID, NAME, REGION_ID) VALUES (147, 'Balud', 3);
INSERT INTO ERP_CITY (ID, NAME, REGION_ID) VALUES (148, 'Baras', 3);
INSERT INTO ERP_CITY (ID, NAME, REGION_ID) VALUES (149, 'Barcelona', 3);
INSERT INTO ERP_CITY (ID, NAME, REGION_ID) VALUES (150, 'Basud', 3);
INSERT INTO ERP_CITY (ID, NAME, REGION_ID) VALUES (151, 'Bato', 3);
INSERT INTO ERP_CITY (ID, NAME, REGION_ID) VALUES (152, 'Batuan', 3);
INSERT INTO ERP_CITY (ID, NAME, REGION_ID) VALUES (153, 'Bombon', 3);
INSERT INTO ERP_CITY (ID, NAME, REGION_ID) VALUES (154, 'Buhi', 3);
INSERT INTO ERP_CITY (ID, NAME, REGION_ID) VALUES (155, 'Bula', 3);
INSERT INTO ERP_CITY (ID, NAME, REGION_ID) VALUES (156, 'Bulan', 3);
INSERT INTO ERP_CITY (ID, NAME, REGION_ID) VALUES (157, 'Bulusan', 3);
INSERT INTO ERP_CITY (ID, NAME, REGION_ID) VALUES (158, 'Cabusao', 3);
INSERT INTO ERP_CITY (ID, NAME, REGION_ID) VALUES (159, 'Calabanga', 3);
INSERT INTO ERP_CITY (ID, NAME, REGION_ID) VALUES (160, 'Camalig', 3);
INSERT INTO ERP_CITY (ID, NAME, REGION_ID) VALUES (161, 'Camaligan', 3);
INSERT INTO ERP_CITY (ID, NAME, REGION_ID) VALUES (162, 'Canaman', 3);
INSERT INTO ERP_CITY (ID, NAME, REGION_ID) VALUES (163, 'Capalonga', 3);
INSERT INTO ERP_CITY (ID, NAME, REGION_ID) VALUES (164, 'Caramoan', 3);
INSERT INTO ERP_CITY (ID, NAME, REGION_ID) VALUES (165, 'Caramoran', 3);
INSERT INTO ERP_CITY (ID, NAME, REGION_ID) VALUES (166, 'Casiguran', 3);
INSERT INTO ERP_CITY (ID, NAME, REGION_ID) VALUES (167, 'Castilla', 3);
INSERT INTO ERP_CITY (ID, NAME, REGION_ID) VALUES (168, 'Cataingan', 3);
INSERT INTO ERP_CITY (ID, NAME, REGION_ID) VALUES (169, 'Cawayan', 3);
INSERT INTO ERP_CITY (ID, NAME, REGION_ID) VALUES (170, 'Claveria', 3);