INSERT INTO ERP_USER (ID, USERNAME, PASSWORD, FIRSTNAME, LASTNAME, EMAIL, ENABLED, LASTPASSWORDRESETDATE, UPDATED, DATE_CREATED, OPERATION) VALUES (1, 'admin', '$2a$08$lDnHPz7eUkSi6ao14Twuau08mzhWrL4kyZGGU5xfiGALO/Vxd5DOi', 'System', 'Administrator', 'admin@admin.com', true, TO_TIMESTAMP('01-01-2016', 'dd-MM-yyyy'), NOW(), NOW(), 'CREATED');
INSERT INTO ERP_USER (ID, USERNAME, PASSWORD, FIRSTNAME, LASTNAME, EMAIL, ENABLED, LASTPASSWORDRESETDATE, UPDATED, DATE_CREATED, OPERATION) VALUES (2, 'user', '$2a$08$UkVvwpULis18S19S5pZFn.YHPZt3oaqHZnDwqbCW9pft6uFtkXKDC', 'Default', 'User', 'enabled@user.com', true, TO_TIMESTAMP('01-01-2016','dd-MM-yyyy'), NOW(), NOW(), 'CREATED');
INSERT INTO ERP_USER (ID, USERNAME, PASSWORD, FIRSTNAME, LASTNAME, EMAIL, ENABLED, LASTPASSWORDRESETDATE, UPDATED, DATE_CREATED, OPERATION) VALUES (3, 'disabled', '$2a$08$UkVvwpULis18S19S5pZFn.YHPZt3oaqHZnDwqbCW9pft6uFtkXKDC', 'user', 'user', 'disabled@user.com', false, TO_TIMESTAMP('01-01-2016','dd-MM-yyyy'), NOW(), NOW(), 'CREATED');

INSERT INTO AUTHORITY (ID, NAME, UPDATED, DATE_CREATED, OPERATION) VALUES (1, 'ROLE_USER', NOW(), NOW(), 'CREATED');
INSERT INTO AUTHORITY (ID, NAME, UPDATED, DATE_CREATED, OPERATION) VALUES (2, 'ROLE_SYS_ADMIN', NOW(), NOW(), 'CREATED');

INSERT INTO AREA (ID, LOCATION, UPDATED, DATE_CREATED, OPERATION, LAST_EDITED_BY, CREATED_BY) VALUES (1, 'AKLAN', NOW(), NOW(), 'CREATED', 'System Administrator', 'System Administrator');
INSERT INTO AREA (ID, LOCATION, UPDATED, DATE_CREATED, OPERATION, LAST_EDITED_BY, CREATED_BY) VALUES (2, 'BATAAN', NOW(), NOW(), 'CREATED', 'System Administrator', 'System Administrator');
INSERT INTO AREA (ID, LOCATION, UPDATED, DATE_CREATED, OPERATION, LAST_EDITED_BY, CREATED_BY) VALUES (3, 'BATAAN NORTH', NOW(), NOW(), 'CREATED', 'System Administrator', 'System Administrator');
INSERT INTO AREA (ID, LOCATION, UPDATED, DATE_CREATED, OPERATION, LAST_EDITED_BY, CREATED_BY) VALUES (4, 'BATAAN SOUTH', NOW(), NOW(), 'CREATED', 'System Administrator', 'System Administrator');
INSERT INTO AREA (ID, LOCATION, UPDATED, DATE_CREATED, OPERATION, LAST_EDITED_BY, CREATED_BY) VALUES (5, 'BICOL', NOW(), NOW(), 'CREATED', 'System Administrator', 'System Administrator');
INSERT INTO AREA (ID, LOCATION, UPDATED, DATE_CREATED, OPERATION, LAST_EDITED_BY, CREATED_BY) VALUES (6, 'FIELD OFFICE', NOW(), NOW(), 'CREATED', 'System Administrator', 'System Administrator');
INSERT INTO AREA (ID, LOCATION, UPDATED, DATE_CREATED, OPERATION, LAST_EDITED_BY, CREATED_BY) VALUES (7, 'HEAD OFFICE', NOW(), NOW(), 'CREATED', 'System Administrator', 'System Administrator');
INSERT INTO AREA (ID, LOCATION, UPDATED, DATE_CREATED, OPERATION, LAST_EDITED_BY, CREATED_BY) VALUES (8, 'NCR & CALABARZON', NOW(), NOW(), 'CREATED', 'System Administrator', 'System Administrator');
INSERT INTO AREA (ID, LOCATION, UPDATED, DATE_CREATED, OPERATION, LAST_EDITED_BY, CREATED_BY) VALUES (9, 'NEGROS', NOW(), NOW(), 'CREATED', 'System Administrator', 'System Administrator');
INSERT INTO AREA (ID, LOCATION, UPDATED, DATE_CREATED, OPERATION, LAST_EDITED_BY, CREATED_BY) VALUES (10, 'SAMAR', NOW(), NOW(), 'CREATED', 'System Administrator', 'System Administrator');
INSERT INTO AREA (ID, LOCATION, UPDATED, DATE_CREATED, OPERATION, LAST_EDITED_BY, CREATED_BY) VALUES (11, 'LEYTE', NOW(), NOW(), 'CREATED', 'System Administrator', 'System Administrator');

INSERT INTO ERP_ID_TYPE (ID, NAME, UPDATED, DATE_CREATED, OPERATION, LAST_EDITED_BY, CREATED_BY) VALUES (1, 'Philhealth', NOW(), NOW(), 'CREATED', 'System Administrator', 'System Administrator');
INSERT INTO ERP_ID_TYPE (ID, NAME, UPDATED, DATE_CREATED, OPERATION, LAST_EDITED_BY, CREATED_BY) VALUES (2, 'Pagibig', NOW(), NOW(), 'CREATED', 'System Administrator', 'System Administrator');
INSERT INTO ERP_ID_TYPE (ID, NAME, UPDATED, DATE_CREATED, OPERATION, LAST_EDITED_BY, CREATED_BY) VALUES (3, 'SSS', NOW(), NOW(), 'CREATED', 'System Administrator', 'System Administrator');
INSERT INTO ERP_ID_TYPE (ID, NAME, UPDATED, DATE_CREATED, OPERATION, LAST_EDITED_BY, CREATED_BY) VALUES (4, 'TIN', NOW(), NOW(), 'CREATED', 'System Administrator', 'System Administrator');
INSERT INTO ERP_ID_TYPE (ID, NAME, UPDATED, DATE_CREATED, OPERATION, LAST_EDITED_BY, CREATED_BY) VALUES (5, 'Security License', NOW(), NOW(), 'CREATED', 'System Administrator', 'System Administrator');

CREATE SEQUENCE emp_area_01_seq INCREMENT 1 START 1;
CREATE SEQUENCE emp_area_02_seq INCREMENT 1 START 1;
CREATE SEQUENCE emp_area_03_seq INCREMENT 1 START 1;
CREATE SEQUENCE emp_area_04_seq INCREMENT 1 START 1;
CREATE SEQUENCE emp_area_05_seq INCREMENT 1 START 1;
CREATE SEQUENCE emp_area_06_seq INCREMENT 1 START 1;
CREATE SEQUENCE emp_area_07_seq INCREMENT 1 START 1;
CREATE SEQUENCE emp_area_08_seq INCREMENT 1 START 1;
CREATE SEQUENCE emp_area_09_seq INCREMENT 1 START 1;
CREATE SEQUENCE emp_area_10_seq INCREMENT 1 START 1;
CREATE SEQUENCE emp_area_11_seq INCREMENT 1 START 1;

INSERT INTO USER_AUTHORITY (USER_ID, AUTHORITY_ID) VALUES (1, 1);
INSERT INTO USER_AUTHORITY (USER_ID, AUTHORITY_ID) VALUES (1, 2);
INSERT INTO USER_AUTHORITY (USER_ID, AUTHORITY_ID) VALUES (2, 1);
INSERT INTO USER_AUTHORITY (USER_ID, AUTHORITY_ID) VALUES (3, 1);

INSERT INTO USER_AREA (USER_ID, AREA_ID) VALUES (1, 7);
INSERT INTO USER_AREA (USER_ID, AREA_ID) VALUES (1, 3);
INSERT INTO USER_AREA (USER_ID, AREA_ID) VALUES (2, 6);
INSERT INTO USER_AREA (USER_ID, AREA_ID) VALUES (3, 6);

INSERT INTO erp_client (id, created_by, date_created, last_edited_by, updated, operation, name) VALUES (11, NULL, '2021-09-09 10:34:07.677', NULL, '2021-09-09 10:34:07.677', 'CREATED', 'ROMUALDEZ PROPERTIES');
INSERT INTO erp_client (id, created_by, date_created, last_edited_by, updated, operation, name) VALUES (13, NULL, '2021-09-09 10:35:02.923', NULL, '2021-09-09 10:35:02.923', 'CREATED', 'LEYTE AGRI CORPORATION');
INSERT INTO erp_client (id, created_by, date_created, last_edited_by, updated, operation, name) VALUES (21, NULL, '2021-09-09 10:38:33.153', NULL, '2021-09-09 10:38:33.153', 'CREATED', 'VILOIL');
INSERT INTO erp_client (id, created_by, date_created, last_edited_by, updated, operation, name) VALUES (23, NULL, '2021-09-09 15:54:02.167', NULL, '2021-09-09 15:54:02.167', 'CREATED', 'JETHANDLER ASIA SERVICES INC.');
INSERT INTO erp_client (id, created_by, date_created, last_edited_by, updated, operation, name) VALUES (24, NULL, '2021-09-09 15:55:54.992', NULL, '2021-09-09 15:55:54.992', 'CREATED', 'LA BELLE PLUME REALTY INC.');
INSERT INTO erp_client (id, created_by, date_created, last_edited_by, updated, operation, name) VALUES (15, NULL, '2021-09-09 10:36:33.167', NULL, '2021-09-09 16:00:09.667', 'UPDATED', 'ANGAT HYDROPOWER CORPORATION');
INSERT INTO erp_client (id, created_by, date_created, last_edited_by, updated, operation, name) VALUES (19, NULL, '2021-09-09 10:37:54.477', NULL, '2021-09-09 16:00:49.13', 'UPDATED', 'PNN MALVAR');
INSERT INTO erp_client (id, created_by, date_created, last_edited_by, updated, operation, name) VALUES (16, NULL, '2021-09-09 10:36:48.025', NULL, '2021-09-09 16:01:24.056', 'UPDATED', 'KOU FU COLOR PRINTING');
INSERT INTO erp_client (id, created_by, date_created, last_edited_by, updated, operation, name) VALUES (10, NULL, '2021-09-09 10:32:31.777', NULL, '2021-09-09 16:13:12.459', 'UPDATED', 'INSULAR OIL COMPANY');
INSERT INTO erp_client (id, created_by, date_created, last_edited_by, updated, operation, name) VALUES (26, NULL, '2021-09-09 16:17:49.056', NULL, '2021-09-09 16:17:49.056', 'CREATED', 'NEWSCAPE HAVEN DEVELOPMENT INC.');
INSERT INTO erp_client (id, created_by, date_created, last_edited_by, updated, operation, name) VALUES (27, NULL, '2021-09-09 16:18:34.448', NULL, '2021-09-09 16:18:34.448', 'CREATED', 'SAFEAIR CORPORATION');
INSERT INTO erp_client (id, created_by, date_created, last_edited_by, updated, operation, name) VALUES (30, NULL, '2021-09-09 16:23:32.698', NULL, '2021-09-09 16:23:32.698', 'CREATED', 'UNO CLARITY INVESTMENT HOLDINGS INC.');
INSERT INTO erp_client (id, created_by, date_created, last_edited_by, updated, operation, name) VALUES (36, NULL, '2021-09-09 16:54:01.104', NULL, '2021-09-09 16:54:01.104', 'CREATED', 'MARIVELES POWER GENERATION CORPORATION');
INSERT INTO erp_client (id, created_by, date_created, last_edited_by, updated, operation, name) VALUES (39, NULL, '2021-09-10 00:59:25.712', NULL, '2021-09-10 01:00:17.219', 'UPDATED', 'PETROGAZZ VENTURES PHILS. CORP');
INSERT INTO erp_client (id, created_by, date_created, last_edited_by, updated, operation, name) VALUES (29, NULL, '2021-09-09 16:20:20.654', NULL, '2021-09-10 01:39:18.915', 'UPDATED', 'TRANSAIRE DEVELOPMENT HOLDINGS CORPORATION(ROW)');
INSERT INTO erp_client (id, created_by, date_created, last_edited_by, updated, operation, name) VALUES (12, NULL, '2021-09-09 10:34:23.676', NULL, '2021-09-10 02:12:35.5', 'UPDATED', 'NATIONAL GRID CORPORATION');
INSERT INTO erp_client (id, created_by, date_created, last_edited_by, updated, operation, name) VALUES (14, NULL, '2021-09-09 10:36:19.324', NULL, '2021-09-10 16:08:22.884', 'UPDATED', 'PHILIPPINE NATIONAL OIL COMPANY');
INSERT INTO erp_client (id, created_by, date_created, last_edited_by, updated, operation, name) VALUES (35, NULL, '2021-09-09 16:45:23.513', NULL, '2021-09-10 16:12:26.555', 'UPDATED', 'SEASIA NECTAR PORT SERVICES INC.');
INSERT INTO erp_client (id, created_by, date_created, last_edited_by, updated, operation, name) VALUES (33, NULL, '2021-09-09 16:32:08.987', NULL, '2021-09-10 16:29:26.793', 'UPDATED', 'PETRON CORPORATION');
INSERT INTO erp_client (id, created_by, date_created, last_edited_by, updated, operation, name) VALUES (38, NULL, '2021-09-10 00:57:32.107', NULL, '2021-09-10 16:36:57.749', 'UPDATED', 'TRIVEA RESIDENCES');
INSERT INTO erp_client (id, created_by, date_created, last_edited_by, updated, operation, name) VALUES (22, NULL, '2021-09-09 15:44:49.283', NULL, '2021-09-10 16:37:52.207', 'UPDATED', 'ASEAN BROWN BOVERI');
INSERT INTO erp_client (id, created_by, date_created, last_edited_by, updated, operation, name) VALUES (25, NULL, '2021-09-09 16:15:00.839', NULL, '2021-09-10 16:41:46.149', 'UPDATED', 'E-FARE INVESTMENT HOLDINGS INC.');
INSERT INTO erp_client (id, created_by, date_created, last_edited_by, updated, operation, name) VALUES (32, NULL, '2021-09-09 16:31:15.001', NULL, '2021-09-10 16:43:00.307', 'UPDATED', 'J.E MANALO & COMPANY ');
INSERT INTO erp_client (id, created_by, date_created, last_edited_by, updated, operation, name) VALUES (31, NULL, '2021-09-09 16:26:10.474', NULL, '2021-09-10 16:45:11.272', 'UPDATED', 'CHAROEN POKPHAND FOODS PHILS. CORP.');
INSERT INTO erp_client (id, created_by, date_created, last_edited_by, updated, operation, name) VALUES (34, NULL, '2021-09-09 16:44:24.09', NULL, '2021-09-10 16:46:33.192', 'UPDATED', 'SAN MIGUEL LOGISTICS SERVICES INC.');
INSERT INTO erp_client (id, created_by, date_created, last_edited_by, updated, operation, name) VALUES (40, NULL, '2021-09-10 16:48:01.475', NULL, '2021-09-10 16:48:01.475', 'CREATED', 'PHILIPPINE NATIONAL OIL COMPANY');
INSERT INTO erp_client (id, created_by, date_created, last_edited_by, updated, operation, name) VALUES (41, NULL, '2021-09-10 17:06:24.596', NULL, '2021-09-10 17:09:24.058', 'UPDATED', 'NGCP');
INSERT INTO erp_client (id, created_by, date_created, last_edited_by, updated, operation, name) VALUES (20, NULL, '2021-09-09 10:38:18.244', NULL, '2021-09-10 17:15:37.151', 'UPDATED', 'SM');
INSERT INTO erp_client (id, created_by, date_created, last_edited_by, updated, operation, name) VALUES (37, NULL, '2021-09-09 16:56:39.767', NULL, '2021-09-10 17:21:35.539', 'UPDATED', 'SMC CONSOLIDATED POWER CORP.');
INSERT INTO erp_client (id, created_by, date_created, last_edited_by, updated, operation, name) VALUES (28, NULL, '2021-09-09 16:19:07.555', NULL, '2021-09-17 13:41:07.945', 'UPDATED', 'SAN MIGUEL PROPERTIES INC.');

INSERT INTO detachment (id, created_by, date_created, last_edited_by, updated, operation, name, erp_client_id, area_id) VALUES (16, NULL, '2021-09-09 15:41:36.707', NULL, '2021-09-09 15:41:36.707', 'CREATED', 'NGCP Murcia Repeater Station', 12, 9);
INSERT INTO detachment (id, created_by, date_created, last_edited_by, updated, operation, name, erp_client_id, area_id) VALUES (21, NULL, '2021-09-09 15:43:57.246', NULL, '2021-09-09 15:43:57.246', 'CREATED', 'NGCP Bacolod', 12, 9);
INSERT INTO detachment (id, created_by, date_created, last_edited_by, updated, operation, name, erp_client_id, area_id) VALUES (22, NULL, '2021-09-09 15:44:14.576', NULL, '2021-09-09 15:44:14.576', 'CREATED', 'NGCP Bohol', 12, 9);
INSERT INTO detachment (id, created_by, date_created, last_edited_by, updated, operation, name, erp_client_id, area_id) VALUES (25, NULL, '2021-09-09 15:54:33.79', NULL, '2021-09-09 15:54:33.79', 'CREATED', 'CAAP Tower', 23, 1);
INSERT INTO detachment (id, created_by, date_created, last_edited_by, updated, operation, name, erp_client_id, area_id) VALUES (26, NULL, '2021-09-09 15:56:42.63', NULL, '2021-09-09 15:56:42.63', 'CREATED', 'ARC - Akean', 24, 1);
INSERT INTO detachment (id, created_by, date_created, last_edited_by, updated, operation, name, erp_client_id, area_id) VALUES (27, NULL, '2021-09-09 15:56:52.84', NULL, '2021-09-09 15:56:52.84', 'CREATED', 'Gateway', 24, 1);
INSERT INTO detachment (id, created_by, date_created, last_edited_by, updated, operation, name, erp_client_id, area_id) VALUES (28, NULL, '2021-09-09 16:15:36.101', NULL, '2021-09-09 16:15:36.101', 'CREATED', 'E- FARE BASAY AGLALOMA', 25, 1);
INSERT INTO detachment (id, created_by, date_created, last_edited_by, updated, operation, name, erp_client_id, area_id) VALUES (29, NULL, '2021-09-09 16:16:33.794', NULL, '2021-09-09 16:16:33.794', 'CREATED', 'E-FARE SMC SLC', 25, 1);
INSERT INTO detachment (id, created_by, date_created, last_edited_by, updated, operation, name, erp_client_id, area_id) VALUES (30, NULL, '2021-09-09 16:17:57.559', NULL, '2021-09-09 16:17:57.559', 'CREATED', 'STAGING AREA', 26, 1);
INSERT INTO detachment (id, created_by, date_created, last_edited_by, updated, operation, name, erp_client_id, area_id) VALUES (31, NULL, '2021-09-09 16:18:42.728', NULL, '2021-09-09 16:18:42.728', 'CREATED', 'SAFE AIR', 27, 1);
INSERT INTO detachment (id, created_by, date_created, last_edited_by, updated, operation, name, erp_client_id, area_id) VALUES (32, NULL, '2021-09-09 16:19:15.976', NULL, '2021-09-09 16:19:15.976', 'CREATED', 'YAPAK', 28, 1);
INSERT INTO detachment (id, created_by, date_created, last_edited_by, updated, operation, name, erp_client_id, area_id) VALUES (35, NULL, '2021-09-09 16:23:46.856', NULL, '2021-09-09 16:23:46.856', 'CREATED', 'DENPASAR', 30, 1);
INSERT INTO detachment (id, created_by, date_created, last_edited_by, updated, operation, name, erp_client_id, area_id) VALUES (44, NULL, '2021-09-09 16:44:54.038', NULL, '2021-09-09 16:44:54.038', 'CREATED', 'TMG', 34, 4);
INSERT INTO detachment (id, created_by, date_created, last_edited_by, updated, operation, name, erp_client_id, area_id) VALUES (47, NULL, '2021-09-09 16:54:17.669', NULL, '2021-09-09 16:54:17.669', 'CREATED', 'SMC GLOBAL', 36, 4);
INSERT INTO detachment (id, created_by, date_created, last_edited_by, updated, operation, name, erp_client_id, area_id) VALUES (52, NULL, '2021-09-10 01:00:00.012', NULL, '2021-09-10 01:00:08.914', 'UPDATED', 'PETROGAZZ', 39, 2);
INSERT INTO detachment (id, created_by, date_created, last_edited_by, updated, operation, name, erp_client_id, area_id) VALUES (39, NULL, '2021-09-09 16:31:52.712', NULL, '2021-09-10 16:42:57.834', 'UPDATED', 'PIER SITE', 32, 4);
INSERT INTO detachment (id, created_by, date_created, last_edited_by, updated, operation, name, erp_client_id, area_id) VALUES (33, NULL, '2021-09-09 16:20:36.308', NULL, '2021-09-10 01:39:16.637', 'UPDATED', 'PROJECT SITE (ROW)', 29, 1);
INSERT INTO detachment (id, created_by, date_created, last_edited_by, updated, operation, name, erp_client_id, area_id) VALUES (23, NULL, '2021-09-09 15:45:10.48', NULL, '2021-09-10 01:49:46.087', 'UPDATED', 'ABB Project Site - Bohol', 22, 9);
INSERT INTO detachment (id, created_by, date_created, last_edited_by, updated, operation, name, erp_client_id, area_id) VALUES (11, NULL, '2021-09-09 15:30:12.304', NULL, '2021-09-10 01:51:26.049', 'UPDATED', 'NGCP Acquired Lot for the Expansion of NGCP Cadiz ', 12, 9);
INSERT INTO detachment (id, created_by, date_created, last_edited_by, updated, operation, name, erp_client_id, area_id) VALUES (19, NULL, '2021-09-09 15:43:20.252', NULL, '2021-09-10 01:52:52.276', 'UPDATED', 'NGCP Amlan Substation', 12, 9);
INSERT INTO detachment (id, created_by, date_created, last_edited_by, updated, operation, name, erp_client_id, area_id) VALUES (10, NULL, '2021-09-09 15:28:50.075', NULL, '2021-09-10 01:54:42.727', 'UPDATED', 'NGCP Cadiz Substation', 12, 9);
INSERT INTO detachment (id, created_by, date_created, last_edited_by, updated, operation, name, erp_client_id, area_id) VALUES (14, NULL, '2021-09-09 15:34:24.833', NULL, '2021-09-10 01:59:46.797', 'UPDATED', 'NGCP Kabankalan Substation', 12, 9);
INSERT INTO detachment (id, created_by, date_created, last_edited_by, updated, operation, name, erp_client_id, area_id) VALUES (20, NULL, '2021-09-09 15:43:38.744', NULL, '2021-09-10 02:01:51.985', 'UPDATED', 'NGCP Mabinay Substation', 12, 9);
INSERT INTO detachment (id, created_by, date_created, last_edited_by, updated, operation, name, erp_client_id, area_id) VALUES (13, NULL, '2021-09-09 15:33:39.541', NULL, '2021-09-10 02:07:54.432', 'UPDATED', 'NGCP Mansilingan Substation', 12, 9);
INSERT INTO detachment (id, created_by, date_created, last_edited_by, updated, operation, name, erp_client_id, area_id) VALUES (18, NULL, '2021-09-09 15:42:09.515', NULL, '2021-09-10 02:08:38.018', 'UPDATED', 'NGCP Pondol CTS', 12, 9);
INSERT INTO detachment (id, created_by, date_created, last_edited_by, updated, operation, name, erp_client_id, area_id) VALUES (15, NULL, '2021-09-09 15:41:09.885', NULL, '2021-09-10 02:09:49.305', 'UPDATED', 'NGCP Sipalay Substation', 12, 9);
INSERT INTO detachment (id, created_by, date_created, last_edited_by, updated, operation, name, erp_client_id, area_id) VALUES (12, NULL, '2021-09-09 15:33:18.361', NULL, '2021-09-10 02:10:26.142', 'UPDATED', 'NGCP Tomonton CTS', 12, 9);
INSERT INTO detachment (id, created_by, date_created, last_edited_by, updated, operation, name, erp_client_id, area_id) VALUES (17, NULL, '2021-09-09 15:41:55.733', NULL, '2021-09-10 02:10:40.835', 'UPDATED', 'NGCP Siquijor Repeater Station', 12, 9);
INSERT INTO detachment (id, created_by, date_created, last_edited_by, updated, operation, name, erp_client_id, area_id) VALUES (42, NULL, '2021-09-09 16:42:34.956', NULL, '2021-09-10 16:08:11.947', 'UPDATED', 'PNOC ALTERNATIVE FUELS CORP. (PAFC)', 14, 2);
INSERT INTO detachment (id, created_by, date_created, last_edited_by, updated, operation, name, erp_client_id, area_id) VALUES (45, NULL, '2021-09-09 16:46:20.552', NULL, '2021-09-10 16:12:06.78', 'UPDATED', 'SEASIA', 35, 3);
INSERT INTO detachment (id, created_by, date_created, last_edited_by, updated, operation, name, erp_client_id, area_id) VALUES (46, NULL, '2021-09-09 16:46:31.631', NULL, '2021-09-10 16:12:23.126', 'UPDATED', 'YARA', 35, 3);
INSERT INTO detachment (id, created_by, date_created, last_edited_by, updated, operation, name, erp_client_id, area_id) VALUES (57, NULL, '2021-09-10 16:43:31.562', NULL, '2021-09-10 16:43:31.562', 'CREATED', 'KOU FU PRINTING CORP CARMONA CAVITE', 16, 8);
INSERT INTO detachment (id, created_by, date_created, last_edited_by, updated, operation, name, erp_client_id, area_id) VALUES (36, NULL, '2021-09-09 16:30:27.542', NULL, '2021-09-10 16:45:09.874', 'UPDATED', 'MAYANTOC FARM', 31, 4);
INSERT INTO detachment (id, created_by, date_created, last_edited_by, updated, operation, name, erp_client_id, area_id) VALUES (40, NULL, '2021-09-09 16:32:23.324', NULL, '2021-09-10 16:18:12.662', 'UPDATED', 'PBR HOUSING', 33, 3);
INSERT INTO detachment (id, created_by, date_created, last_edited_by, updated, operation, name, erp_client_id, area_id) VALUES (41, NULL, '2021-09-09 16:32:32.89', NULL, '2021-09-10 16:29:25.096', 'UPDATED', 'PLT', 33, 3);
INSERT INTO detachment (id, created_by, date_created, last_edited_by, updated, operation, name, erp_client_id, area_id) VALUES (50, NULL, '2021-09-10 00:58:16.246', NULL, '2021-09-10 16:30:15.958', 'UPDATED', 'TRIVEA', 38, 3);
INSERT INTO detachment (id, created_by, date_created, last_edited_by, updated, operation, name, erp_client_id, area_id) VALUES (51, NULL, '2021-09-10 00:58:30.58', NULL, '2021-09-10 16:30:24.803', 'UPDATED', 'TRIVEA AUGMENTATION', 38, 3);
INSERT INTO detachment (id, created_by, date_created, last_edited_by, updated, operation, name, erp_client_id, area_id) VALUES (53, NULL, '2021-09-10 16:34:27.172', NULL, '2021-09-10 16:34:27.172', 'CREATED', 'AHC NORZAGARAY BULACAN', 15, 8);
INSERT INTO detachment (id, created_by, date_created, last_edited_by, updated, operation, name, erp_client_id, area_id) VALUES (49, NULL, '2021-09-09 16:59:07.746', NULL, '2021-09-10 16:37:50.556', 'UPDATED', 'ABB INC. BATAAN', 22, 4);
INSERT INTO detachment (id, created_by, date_created, last_edited_by, updated, operation, name, erp_client_id, area_id) VALUES (34, NULL, '2021-09-09 16:21:49.949', NULL, '2021-09-10 16:41:35.601', 'UPDATED', 'E-FARE', 25, 1);
INSERT INTO detachment (id, created_by, date_created, last_edited_by, updated, operation, name, erp_client_id, area_id) VALUES (56, NULL, '2021-09-10 16:41:50.496', NULL, '2021-09-10 16:41:50.496', 'CREATED', 'PNN MALVAR BATANGAS', 19, 8);
INSERT INTO detachment (id, created_by, date_created, last_edited_by, updated, operation, name, erp_client_id, area_id) VALUES (58, NULL, '2021-09-10 16:45:54.862', NULL, '2021-09-10 16:45:54.862', 'CREATED', 'INSULAR OIL CALACA BATANGAS', 10, 8);
INSERT INTO detachment (id, created_by, date_created, last_edited_by, updated, operation, name, erp_client_id, area_id) VALUES (37, NULL, '2021-09-09 16:31:32.699', NULL, '2021-09-10 16:42:48.6', 'UPDATED', 'BIA-AN', 32, 4);
INSERT INTO detachment (id, created_by, date_created, last_edited_by, updated, operation, name, erp_client_id, area_id) VALUES (38, NULL, '2021-09-09 16:31:43.385', NULL, '2021-09-10 16:42:50.372', 'UPDATED', 'BATCHING PLANT', 32, 4);
INSERT INTO detachment (id, created_by, date_created, last_edited_by, updated, operation, name, erp_client_id, area_id) VALUES (43, NULL, '2021-09-09 16:44:42.571', NULL, '2021-09-10 16:46:29.979', 'UPDATED', 'PBR', 34, 4);
INSERT INTO detachment (id, created_by, date_created, last_edited_by, updated, operation, name, erp_client_id, area_id) VALUES (59, NULL, '2021-09-10 16:50:13.108', NULL, '2021-09-10 16:50:13.108', 'CREATED', 'PNOC AMD  COAL BAUN BATANGAS', 14, 8);
INSERT INTO detachment (id, created_by, date_created, last_edited_by, updated, operation, name, erp_client_id, area_id) VALUES (60, NULL, '2021-09-10 16:51:20.772', NULL, '2021-09-10 16:51:20.772', 'CREATED', 'PNOC MAIN OFFICE', 14, 8);
INSERT INTO detachment (id, created_by, date_created, last_edited_by, updated, operation, name, erp_client_id, area_id) VALUES (61, NULL, '2021-09-10 16:56:22.317', NULL, '2021-09-10 16:56:39.324', 'UPDATED', 'PNOC ENERGY SUPPLY BASE MABINI BATANGAS', 14, 8);
INSERT INTO detachment (id, created_by, date_created, last_edited_by, updated, operation, name, erp_client_id, area_id) VALUES (62, NULL, '2021-09-10 17:07:15.095', NULL, '2021-09-10 17:07:15.095', 'CREATED', 'NGCP CABACUNGAN CTS', 41, 10);
INSERT INTO detachment (id, created_by, date_created, last_edited_by, updated, operation, name, erp_client_id, area_id) VALUES (67, NULL, '2021-09-10 17:10:04.344', NULL, '2021-09-14 11:28:09.081', 'UPDATED', 'NGCP TABANGO SUBSTATION', 41, 10);
INSERT INTO detachment (id, created_by, date_created, last_edited_by, updated, operation, name, erp_client_id, area_id) VALUES (65, NULL, '2021-09-10 17:09:01.485', NULL, '2021-09-10 17:09:01.485', 'CREATED', 'NGCP BAGOLIBAS SUBSTATION', 41, 10);
INSERT INTO detachment (id, created_by, date_created, last_edited_by, updated, operation, name, erp_client_id, area_id) VALUES (66, NULL, '2021-09-10 17:09:23.62', NULL, '2021-09-10 17:09:38.343', 'UPDATED', 'NGCP BABATNGON SUBSTATION', 41, 10);
INSERT INTO detachment (id, created_by, date_created, last_edited_by, updated, operation, name, erp_client_id, area_id) VALUES (68, NULL, '2021-09-10 17:10:31.843', NULL, '2021-09-10 17:10:31.843', 'CREATED', 'NGCP ISABEL SUBSTATION', 41, 10);
INSERT INTO detachment (id, created_by, date_created, last_edited_by, updated, operation, name, erp_client_id, area_id) VALUES (69, NULL, '2021-09-10 17:10:58.983', NULL, '2021-09-10 17:10:58.983', 'CREATED', 'NGCP PALOMPON REPEATER', 41, 10);
INSERT INTO detachment (id, created_by, date_created, last_edited_by, updated, operation, name, erp_client_id, area_id) VALUES (71, NULL, '2021-09-10 17:11:34.836', NULL, '2021-09-10 17:11:34.836', 'CREATED', 'NGCP TONGONAN SUBSTATION', 41, 10);
INSERT INTO detachment (id, created_by, date_created, last_edited_by, updated, operation, name, erp_client_id, area_id) VALUES (72, NULL, '2021-09-10 17:12:05.296', NULL, '2021-09-10 17:12:05.296', 'CREATED', 'NGCP ALBUERA  ELECTRODE', 41, 1);
INSERT INTO detachment (id, created_by, date_created, last_edited_by, updated, operation, name, erp_client_id, area_id) VALUES (74, NULL, '2021-09-10 17:12:36.34', NULL, '2021-09-10 17:12:45.539', 'UPDATED', 'NGCP GUADALUPE CTS', 41, 10);
INSERT INTO detachment (id, created_by, date_created, last_edited_by, updated, operation, name, erp_client_id, area_id) VALUES (75, NULL, '2021-09-10 17:15:23.354', NULL, '2021-09-10 17:15:23.354', 'CREATED', 'SM CITY DAET', 20, 5);
INSERT INTO detachment (id, created_by, date_created, last_edited_by, updated, operation, name, erp_client_id, area_id) VALUES (78, NULL, '2021-09-10 17:16:50.263', NULL, '2021-09-14 11:46:23.669', 'UPDATED', 'SMCO- SILVERSCREEN- LEGAZPI', 20, 5);
INSERT INTO detachment (id, created_by, date_created, last_edited_by, updated, operation, name, erp_client_id, area_id) VALUES (80, NULL, '2021-09-10 17:19:20.276', NULL, '2021-09-10 17:19:20.276', 'CREATED', 'PNOC AMD BANABA BATANGAS', 40, 8);
INSERT INTO detachment (id, created_by, date_created, last_edited_by, updated, operation, name, erp_client_id, area_id) VALUES (79, NULL, '2021-09-10 17:18:08.708', NULL, '2021-09-10 17:19:29.115', 'UPDATED', 'PNOC AMD, LEGAZPI', 40, 5);
INSERT INTO detachment (id, created_by, date_created, last_edited_by, updated, operation, name, erp_client_id, area_id) VALUES (82, NULL, '2021-09-10 17:20:19.701', NULL, '2021-09-10 17:20:19.701', 'CREATED', 'PNOC AMD BAUAN ', 40, 8);
INSERT INTO detachment (id, created_by, date_created, last_edited_by, updated, operation, name, erp_client_id, area_id) VALUES (83, NULL, '2021-09-10 17:20:42.464', NULL, '2021-09-10 17:20:42.464', 'CREATED', 'PNOC AMD KALAYAAN LAGUNA', 40, 8);
INSERT INTO detachment (id, created_by, date_created, last_edited_by, updated, operation, name, erp_client_id, area_id) VALUES (84, NULL, '2021-09-10 17:21:21.72', NULL, '2021-09-10 17:21:21.72', 'CREATED', 'PNOC AMD MINDORO', 40, 8);
INSERT INTO detachment (id, created_by, date_created, last_edited_by, updated, operation, name, erp_client_id, area_id) VALUES (48, NULL, '2021-09-09 16:57:26.396', NULL, '2021-09-10 17:21:33.794', 'UPDATED', 'SMC CPC', 37, 2);
INSERT INTO detachment (id, created_by, date_created, last_edited_by, updated, operation, name, erp_client_id, area_id) VALUES (85, NULL, '2021-09-10 17:21:43.369', NULL, '2021-09-10 17:21:43.369', 'CREATED', 'PNOC AMD BALIUAG BULACAN', 40, 8);
INSERT INTO detachment (id, created_by, date_created, last_edited_by, updated, operation, name, erp_client_id, area_id) VALUES (86, NULL, '2021-09-10 17:22:00.477', NULL, '2021-09-10 17:22:00.477', 'CREATED', 'PNOC AMD SAN MIGUEL', 40, 8);
INSERT INTO detachment (id, created_by, date_created, last_edited_by, updated, operation, name, erp_client_id, area_id) VALUES (63, NULL, '2021-09-10 17:07:56.276', NULL, '2021-09-10 17:23:01.573', 'UPDATED', 'NGCP CALBAYOG SUBSTATION ', 41, 10);
INSERT INTO detachment (id, created_by, date_created, last_edited_by, updated, operation, name, erp_client_id, area_id) VALUES (81, NULL, '2021-09-10 17:19:54.544', NULL, '2021-09-10 17:23:30.098', 'UPDATED', 'PNOC AMD PARIAN CALAMBA', 40, 8);
INSERT INTO detachment (id, created_by, date_created, last_edited_by, updated, operation, name, erp_client_id, area_id) VALUES (73, NULL, '2021-09-10 17:12:18.573', NULL, '2021-09-14 11:23:50.635', 'UPDATED', 'NGCP MAASIN SUBSTATION', 41, 1);
INSERT INTO detachment (id, created_by, date_created, last_edited_by, updated, operation, name, erp_client_id, area_id) VALUES (64, NULL, '2021-09-10 17:08:25.458', NULL, '2021-09-14 11:27:10.328', 'UPDATED', 'NGCP PARANAS SUBSTATION', 41, 10);
INSERT INTO detachment (id, created_by, date_created, last_edited_by, updated, operation, name, erp_client_id, area_id) VALUES (70, NULL, '2021-09-10 17:11:16.808', NULL, '2021-09-14 11:26:29.513', 'UPDATED', 'NGCP MILAGRO SUBSTATION', 41, 10);
INSERT INTO detachment (id, created_by, date_created, last_edited_by, updated, operation, name, erp_client_id, area_id) VALUES (87, NULL, '2021-09-14 11:29:27.051', NULL, '2021-09-14 11:29:27.051', 'CREATED', 'LEYTI AGRI CORPORATION', 13, 10);
INSERT INTO detachment (id, created_by, date_created, last_edited_by, updated, operation, name, erp_client_id, area_id) VALUES (88, NULL, '2021-09-14 11:31:41.323', NULL, '2021-09-14 11:31:41.323', 'CREATED', 'ROMUALDEZ PROPERTY', 11, 10);
INSERT INTO detachment (id, created_by, date_created, last_edited_by, updated, operation, name, erp_client_id, area_id) VALUES (89, NULL, '2021-09-14 11:35:05.924', NULL, '2021-09-14 11:35:58.396', 'UPDATED', 'INSULAR OIL CORPORATION-DYCHONGBEN', 10, 10);
INSERT INTO detachment (id, created_by, date_created, last_edited_by, updated, operation, name, erp_client_id, area_id) VALUES (77, NULL, '2021-09-10 17:16:09.922', NULL, '2021-09-14 11:44:25.19', 'UPDATED', 'SM HYPERMART- POLANGUI', 20, 5);
INSERT INTO detachment (id, created_by, date_created, last_edited_by, updated, operation, name, erp_client_id, area_id) VALUES (76, NULL, '2021-09-10 17:15:36.575', NULL, '2021-09-14 11:45:37.822', 'UPDATED', 'SM SAVEMORE -PILI', 20, 5);
INSERT INTO detachment (id, created_by, date_created, last_edited_by, updated, operation, name, erp_client_id, area_id) VALUES (90, NULL, '2021-09-14 11:47:37.583', NULL, '2021-09-14 11:47:37.583', 'CREATED', 'VILOIL TERMINAL-PASACAO', 21, 10);
INSERT INTO detachment (id, created_by, date_created, last_edited_by, updated, operation, name, erp_client_id, area_id) VALUES (91, NULL, '2021-09-14 11:51:51.697', NULL, '2021-09-14 11:58:02.385', 'UPDATED', 'PNOC HEAD OFFICE', 40, 8);
INSERT INTO detachment (id, created_by, date_created, last_edited_by, updated, operation, name, erp_client_id, area_id) VALUES (24, NULL, '2021-09-09 15:54:24.578', NULL, '2021-09-17 14:08:41.659', 'UPDATED', 'Boracay Airport', 23, 1);
INSERT INTO detachment (id, created_by, date_created, last_edited_by, updated, operation, name, erp_client_id, area_id) VALUES (92, NULL, '2021-09-14 11:58:27.122', NULL, '2021-09-14 12:06:32.852', 'UPDATED', 'PNOC ENERGY SUPPLY BASE', 40, 8);
INSERT INTO detachment (id, created_by, date_created, last_edited_by, updated, operation, name, erp_client_id, area_id) VALUES (93, NULL, '2021-09-17 13:39:47.436', NULL, '2021-09-17 13:41:03.893', 'UPDATED', 'SMPI MAINLAND', 28, 1);

INSERT INTO post (id, created_by, date_created, last_edited_by, updated, operation, name, erp_detachment_id) VALUES (10, NULL, '2021-09-10 01:11:30.993', NULL, '2021-09-10 01:11:30.993', 'CREATED', 'TABON OFFICE/BRAVOBASE', 33);
INSERT INTO post (id, created_by, date_created, last_edited_by, updated, operation, name, erp_detachment_id) VALUES (11, NULL, '2021-09-10 01:12:03.732', NULL, '2021-09-10 01:12:03.732', 'CREATED', 'D-4 UPPER/RADIOBASE', 33);
INSERT INTO post (id, created_by, date_created, last_edited_by, updated, operation, name, erp_detachment_id) VALUES (12, NULL, '2021-09-10 01:14:45.17', NULL, '2021-09-10 01:14:45.17', 'CREATED', 'ROW COMPAC', 33);
INSERT INTO post (id, created_by, date_created, last_edited_by, updated, operation, name, erp_detachment_id) VALUES (13, NULL, '2021-09-10 01:14:59.299', NULL, '2021-09-10 01:14:59.299', 'CREATED', 'STAFF HOUSE 01', 33);
INSERT INTO post (id, created_by, date_created, last_edited_by, updated, operation, name, erp_detachment_id) VALUES (14, NULL, '2021-09-10 01:15:12.649', NULL, '2021-09-10 01:15:12.649', 'CREATED', 'LOT 3449', 33);
INSERT INTO post (id, created_by, date_created, last_edited_by, updated, operation, name, erp_detachment_id) VALUES (15, NULL, '2021-09-10 01:22:14.256', NULL, '2021-09-10 01:22:14.256', 'CREATED', 'LOT 3441', 33);
INSERT INTO post (id, created_by, date_created, last_edited_by, updated, operation, name, erp_detachment_id) VALUES (16, NULL, '2021-09-10 01:29:28.342', NULL, '2021-09-10 01:29:28.342', 'CREATED', 'LOT 3435', 33);
INSERT INTO post (id, created_by, date_created, last_edited_by, updated, operation, name, erp_detachment_id) VALUES (17, NULL, '2021-09-10 01:29:50.105', NULL, '2021-09-10 01:29:50.105', 'CREATED', 'TOLENERO AREA', 33);
INSERT INTO post (id, created_by, date_created, last_edited_by, updated, operation, name, erp_detachment_id) VALUES (18, NULL, '2021-09-10 01:29:57.946', NULL, '2021-09-10 01:29:57.946', 'CREATED', 'PTG', 33);
INSERT INTO post (id, created_by, date_created, last_edited_by, updated, operation, name, erp_detachment_id) VALUES (19, NULL, '2021-09-10 01:30:02.771', NULL, '2021-09-10 01:30:02.771', 'CREATED', 'PMG', 33);
INSERT INTO post (id, created_by, date_created, last_edited_by, updated, operation, name, erp_detachment_id) VALUES (20, NULL, '2021-09-10 01:30:18.481', NULL, '2021-09-10 01:30:18.481', 'CREATED', 'SIRI DEPOT', 33);
INSERT INTO post (id, created_by, date_created, last_edited_by, updated, operation, name, erp_detachment_id) VALUES (21, NULL, '2021-09-10 01:30:33.196', NULL, '2021-09-10 01:30:33.196', 'CREATED', 'SIRI MOTORPOOL', 33);
INSERT INTO post (id, created_by, date_created, last_edited_by, updated, operation, name, erp_detachment_id) VALUES (22, NULL, '2021-09-10 01:30:48.284', NULL, '2021-09-10 01:30:48.284', 'CREATED', 'D-4 LOWER', 33);
INSERT INTO post (id, created_by, date_created, last_edited_by, updated, operation, name, erp_detachment_id) VALUES (23, NULL, '2021-09-10 01:30:55.059', NULL, '2021-09-10 01:30:55.059', 'CREATED', 'D-4 UPPER', 33);
INSERT INTO post (id, created_by, date_created, last_edited_by, updated, operation, name, erp_detachment_id) VALUES (24, NULL, '2021-09-10 01:36:18.906', NULL, '2021-09-10 01:36:35.019', 'UPDATED', 'D-5 AREA', 33);
INSERT INTO post (id, created_by, date_created, last_edited_by, updated, operation, name, erp_detachment_id) VALUES (25, NULL, '2021-09-10 01:36:50.735', NULL, '2021-09-10 01:36:50.735', 'CREATED', 'RCBC UPSTREAM', 33);
INSERT INTO post (id, created_by, date_created, last_edited_by, updated, operation, name, erp_detachment_id) VALUES (26, NULL, '2021-09-10 01:37:03.354', NULL, '2021-09-10 01:37:03.354', 'CREATED', 'RCBC DOWNSTREAM', 33);
INSERT INTO post (id, created_by, date_created, last_edited_by, updated, operation, name, erp_detachment_id) VALUES (27, NULL, '2021-09-10 01:49:02.874', NULL, '2021-09-10 01:49:02.874', 'CREATED', 'Main Gate', 23);
INSERT INTO post (id, created_by, date_created, last_edited_by, updated, operation, name, erp_detachment_id) VALUES (28, NULL, '2021-09-10 01:49:18.892', NULL, '2021-09-10 01:49:18.892', 'CREATED', 'Assist Main Gate', 23);
INSERT INTO post (id, created_by, date_created, last_edited_by, updated, operation, name, erp_detachment_id) VALUES (29, NULL, '2021-09-10 01:49:24.379', NULL, '2021-09-10 01:49:24.379', 'CREATED', 'Roving', 23);
INSERT INTO post (id, created_by, date_created, last_edited_by, updated, operation, name, erp_detachment_id) VALUES (30, NULL, '2021-09-10 01:50:40.237', NULL, '2021-09-10 01:50:40.237', 'CREATED', 'Main Entrance/Exit', 11);
INSERT INTO post (id, created_by, date_created, last_edited_by, updated, operation, name, erp_detachment_id) VALUES (31, NULL, '2021-09-10 01:51:07.389', NULL, '2021-09-10 01:51:07.389', 'CREATED', 'Back Entrance/Exit', 11);
INSERT INTO post (id, created_by, date_created, last_edited_by, updated, operation, name, erp_detachment_id) VALUES (32, NULL, '2021-09-10 01:51:15.032', NULL, '2021-09-10 01:51:15.032', 'CREATED', 'Roving', 11);
INSERT INTO post (id, created_by, date_created, last_edited_by, updated, operation, name, erp_detachment_id) VALUES (33, NULL, '2021-09-10 01:51:51.167', NULL, '2021-09-10 01:51:51.167', 'CREATED', 'Main Gate', 19);
INSERT INTO post (id, created_by, date_created, last_edited_by, updated, operation, name, erp_detachment_id) VALUES (34, NULL, '2021-09-10 01:52:01.11', NULL, '2021-09-10 01:52:01.11', 'CREATED', 'Assist Main Gate', 19);
INSERT INTO post (id, created_by, date_created, last_edited_by, updated, operation, name, erp_detachment_id) VALUES (35, NULL, '2021-09-10 01:52:13.868', NULL, '2021-09-10 01:52:13.868', 'CREATED', 'Watch Tower 1', 19);
INSERT INTO post (id, created_by, date_created, last_edited_by, updated, operation, name, erp_detachment_id) VALUES (36, NULL, '2021-09-10 01:52:21.781', NULL, '2021-09-10 01:52:21.781', 'CREATED', 'Watch Tower 2', 19);
INSERT INTO post (id, created_by, date_created, last_edited_by, updated, operation, name, erp_detachment_id) VALUES (37, NULL, '2021-09-10 01:52:26.104', NULL, '2021-09-10 01:52:26.104', 'CREATED', 'Roving', 19);
INSERT INTO post (id, created_by, date_created, last_edited_by, updated, operation, name, erp_detachment_id) VALUES (38, NULL, '2021-09-10 01:52:32.646', NULL, '2021-09-10 01:52:32.646', 'CREATED', 'Warehouse', 19);
INSERT INTO post (id, created_by, date_created, last_edited_by, updated, operation, name, erp_detachment_id) VALUES (39, NULL, '2021-09-10 01:54:05.717', NULL, '2021-09-10 01:54:05.717', 'CREATED', 'Main Gate', 10);
INSERT INTO post (id, created_by, date_created, last_edited_by, updated, operation, name, erp_detachment_id) VALUES (40, NULL, '2021-09-10 01:54:14.719', NULL, '2021-09-10 01:54:14.719', 'CREATED', 'Watch Tower', 10);
INSERT INTO post (id, created_by, date_created, last_edited_by, updated, operation, name, erp_detachment_id) VALUES (41, NULL, '2021-09-10 01:54:21.158', NULL, '2021-09-10 01:54:21.158', 'CREATED', 'Roving', 10);
INSERT INTO post (id, created_by, date_created, last_edited_by, updated, operation, name, erp_detachment_id) VALUES (42, NULL, '2021-09-10 01:54:33.737', NULL, '2021-09-10 01:54:33.737', 'CREATED', 'Assist Main Gate', 10);
INSERT INTO post (id, created_by, date_created, last_edited_by, updated, operation, name, erp_detachment_id) VALUES (43, NULL, '2021-09-10 01:54:56.803', NULL, '2021-09-10 01:54:56.803', 'CREATED', 'Main Gate', 14);
INSERT INTO post (id, created_by, date_created, last_edited_by, updated, operation, name, erp_detachment_id) VALUES (44, NULL, '2021-09-10 01:55:09.045', NULL, '2021-09-10 01:55:09.045', 'CREATED', 'Assist Main Gate', 14);
INSERT INTO post (id, created_by, date_created, last_edited_by, updated, operation, name, erp_detachment_id) VALUES (45, NULL, '2021-09-10 01:55:17.03', NULL, '2021-09-10 01:55:17.03', 'CREATED', 'Watch Tower 1', 14);
INSERT INTO post (id, created_by, date_created, last_edited_by, updated, operation, name, erp_detachment_id) VALUES (46, NULL, '2021-09-10 01:55:24.423', NULL, '2021-09-10 01:55:24.423', 'CREATED', 'Watch Tower 2', 14);
INSERT INTO post (id, created_by, date_created, last_edited_by, updated, operation, name, erp_detachment_id) VALUES (47, NULL, '2021-09-10 02:01:20.333', NULL, '2021-09-10 02:01:20.333', 'CREATED', 'Main Gate', 20);
INSERT INTO post (id, created_by, date_created, last_edited_by, updated, operation, name, erp_detachment_id) VALUES (48, NULL, '2021-09-10 02:01:31.151', NULL, '2021-09-10 02:01:31.151', 'CREATED', 'Assist Main Gate', 20);
INSERT INTO post (id, created_by, date_created, last_edited_by, updated, operation, name, erp_detachment_id) VALUES (49, NULL, '2021-09-10 02:01:40.717', NULL, '2021-09-10 02:01:40.717', 'CREATED', 'Watch Tower', 20);
INSERT INTO post (id, created_by, date_created, last_edited_by, updated, operation, name, erp_detachment_id) VALUES (50, NULL, '2021-09-10 02:01:46.61', NULL, '2021-09-10 02:01:46.61', 'CREATED', 'Roving', 20);
INSERT INTO post (id, created_by, date_created, last_edited_by, updated, operation, name, erp_detachment_id) VALUES (51, NULL, '2021-09-10 02:02:14.556', NULL, '2021-09-10 02:02:14.556', 'CREATED', 'Main Gate', 13);
INSERT INTO post (id, created_by, date_created, last_edited_by, updated, operation, name, erp_detachment_id) VALUES (52, NULL, '2021-09-10 02:02:26.622', NULL, '2021-09-10 02:02:26.622', 'CREATED', 'CCTV Operator', 13);
INSERT INTO post (id, created_by, date_created, last_edited_by, updated, operation, name, erp_detachment_id) VALUES (53, NULL, '2021-09-10 02:02:37.26', NULL, '2021-09-10 02:02:37.26', 'CREATED', 'Watch Tower 1', 13);
INSERT INTO post (id, created_by, date_created, last_edited_by, updated, operation, name, erp_detachment_id) VALUES (54, NULL, '2021-09-10 02:02:44.364', NULL, '2021-09-10 02:02:44.364', 'CREATED', 'Watch Tower 2', 13);
INSERT INTO post (id, created_by, date_created, last_edited_by, updated, operation, name, erp_detachment_id) VALUES (55, NULL, '2021-09-10 02:02:49.806', NULL, '2021-09-10 02:02:49.806', 'CREATED', 'Warehouse', 13);
INSERT INTO post (id, created_by, date_created, last_edited_by, updated, operation, name, erp_detachment_id) VALUES (56, NULL, '2021-09-10 02:03:00.834', NULL, '2021-09-10 02:03:00.834', 'CREATED', 'Stockyard', 13);
INSERT INTO post (id, created_by, date_created, last_edited_by, updated, operation, name, erp_detachment_id) VALUES (57, NULL, '2021-09-10 02:03:07.149', NULL, '2021-09-10 02:03:07.149', 'CREATED', 'Roving', 13);
INSERT INTO post (id, created_by, date_created, last_edited_by, updated, operation, name, erp_detachment_id) VALUES (58, NULL, '2021-09-10 02:03:20.589', NULL, '2021-09-10 02:03:20.589', 'CREATED', 'Assist Main Gate', 13);
INSERT INTO post (id, created_by, date_created, last_edited_by, updated, operation, name, erp_detachment_id) VALUES (59, NULL, '2021-09-10 02:08:19.127', NULL, '2021-09-10 02:08:19.127', 'CREATED', 'Main Gate', 18);
INSERT INTO post (id, created_by, date_created, last_edited_by, updated, operation, name, erp_detachment_id) VALUES (60, NULL, '2021-09-10 02:08:25.964', NULL, '2021-09-10 02:08:25.964', 'CREATED', 'Watch Tower', 18);
INSERT INTO post (id, created_by, date_created, last_edited_by, updated, operation, name, erp_detachment_id) VALUES (61, NULL, '2021-09-10 02:09:00.033', NULL, '2021-09-10 02:09:00.033', 'CREATED', 'Main Gate', 15);
INSERT INTO post (id, created_by, date_created, last_edited_by, updated, operation, name, erp_detachment_id) VALUES (62, NULL, '2021-09-10 02:09:11.162', NULL, '2021-09-10 02:09:11.162', 'CREATED', 'Assist Main Gate', 15);
INSERT INTO post (id, created_by, date_created, last_edited_by, updated, operation, name, erp_detachment_id) VALUES (63, NULL, '2021-09-10 02:09:20.053', NULL, '2021-09-10 02:09:20.053', 'CREATED', 'Watch Tower 1', 15);
INSERT INTO post (id, created_by, date_created, last_edited_by, updated, operation, name, erp_detachment_id) VALUES (64, NULL, '2021-09-10 02:09:27.991', NULL, '2021-09-10 02:09:27.991', 'CREATED', 'Watch Tower 2', 15);
INSERT INTO post (id, created_by, date_created, last_edited_by, updated, operation, name, erp_detachment_id) VALUES (65, NULL, '2021-09-10 02:10:09.343', NULL, '2021-09-10 02:10:09.343', 'CREATED', 'Main Gate', 12);
INSERT INTO post (id, created_by, date_created, last_edited_by, updated, operation, name, erp_detachment_id) VALUES (66, NULL, '2021-09-10 02:10:16.177', NULL, '2021-09-10 02:10:16.177', 'CREATED', 'Watch Tower', 12);
INSERT INTO post (id, created_by, date_created, last_edited_by, updated, operation, name, erp_detachment_id) VALUES (67, NULL, '2021-09-10 15:56:51.854', NULL, '2021-09-10 15:56:51.855', 'CREATED', 'GATE-2', 42);
INSERT INTO post (id, created_by, date_created, last_edited_by, updated, operation, name, erp_detachment_id) VALUES (68, NULL, '2021-09-10 15:57:03.435', NULL, '2021-09-10 15:57:03.435', 'CREATED', 'ADMIN ENTRANCE', 42);
INSERT INTO post (id, created_by, date_created, last_edited_by, updated, operation, name, erp_detachment_id) VALUES (69, NULL, '2021-09-10 15:57:33.939', NULL, '2021-09-10 15:57:33.939', 'CREATED', 'SEP-TOWER CONSTRUCTION JETTY', 42);
INSERT INTO post (id, created_by, date_created, last_edited_by, updated, operation, name, erp_detachment_id) VALUES (70, NULL, '2021-09-10 15:57:42.587', NULL, '2021-09-10 15:57:42.587', 'CREATED', 'MARGAHA TOWER', 42);
INSERT INTO post (id, created_by, date_created, last_edited_by, updated, operation, name, erp_detachment_id) VALUES (71, NULL, '2021-09-10 15:57:50.853', NULL, '2021-09-10 15:57:50.853', 'CREATED', 'NORTH END AREA', 42);
INSERT INTO post (id, created_by, date_created, last_edited_by, updated, operation, name, erp_detachment_id) VALUES (72, NULL, '2021-09-10 15:58:02.133', NULL, '2021-09-10 15:58:02.133', 'CREATED', 'RESERVOIR-2', 42);
INSERT INTO post (id, created_by, date_created, last_edited_by, updated, operation, name, erp_detachment_id) VALUES (73, NULL, '2021-09-10 15:58:10.21', NULL, '2021-09-10 15:58:10.21', 'CREATED', 'PW # 2', 42);
INSERT INTO post (id, created_by, date_created, last_edited_by, updated, operation, name, erp_detachment_id) VALUES (74, NULL, '2021-09-10 15:58:14.46', NULL, '2021-09-10 15:58:14.46', 'CREATED', 'PW # 3', 42);
INSERT INTO post (id, created_by, date_created, last_edited_by, updated, operation, name, erp_detachment_id) VALUES (75, NULL, '2021-09-10 15:58:21.13', NULL, '2021-09-10 15:58:21.13', 'CREATED', 'TANK-400', 42);
INSERT INTO post (id, created_by, date_created, last_edited_by, updated, operation, name, erp_detachment_id) VALUES (76, NULL, '2021-09-10 15:58:46.223', NULL, '2021-09-10 15:58:46.223', 'CREATED', 'DND ARSENAL ROAD', 42);
INSERT INTO post (id, created_by, date_created, last_edited_by, updated, operation, name, erp_detachment_id) VALUES (77, NULL, '2021-09-10 15:59:07.715', NULL, '2021-09-10 15:59:07.715', 'CREATED', 'LAMAO ROVING PATROL', 42);
INSERT INTO post (id, created_by, date_created, last_edited_by, updated, operation, name, erp_detachment_id) VALUES (78, NULL, '2021-09-10 16:01:13.622', NULL, '2021-09-10 16:01:13.622', 'CREATED', 'OLD WAREHOUSE/STAGING AREA', 42);
INSERT INTO post (id, created_by, date_created, last_edited_by, updated, operation, name, erp_detachment_id) VALUES (79, NULL, '2021-09-10 16:01:22.661', NULL, '2021-09-10 16:01:22.661', 'CREATED', 'BOAT PATROL', 42);
INSERT INTO post (id, created_by, date_created, last_edited_by, updated, operation, name, erp_detachment_id) VALUES (80, NULL, '2021-09-10 16:01:36.042', NULL, '2021-09-10 16:01:36.042', 'CREATED', 'JETTY PIER GATE (P1)', 42);
INSERT INTO post (id, created_by, date_created, last_edited_by, updated, operation, name, erp_detachment_id) VALUES (81, NULL, '2021-09-10 16:01:47.482', NULL, '2021-09-10 16:01:47.482', 'CREATED', 'MAIN GATE', 42);
INSERT INTO post (id, created_by, date_created, last_edited_by, updated, operation, name, erp_detachment_id) VALUES (82, NULL, '2021-09-10 16:02:10.741', NULL, '2021-09-10 16:02:10.741', 'CREATED', 'M-BASE', 42);
INSERT INTO post (id, created_by, date_created, last_edited_by, updated, operation, name, erp_detachment_id) VALUES (83, NULL, '2021-09-10 16:03:32.84', NULL, '2021-09-10 16:03:32.84', 'CREATED', 'SOUTH END AREA', 42);
INSERT INTO post (id, created_by, date_created, last_edited_by, updated, operation, name, erp_detachment_id) VALUES (84, NULL, '2021-09-10 16:04:21.751', NULL, '2021-09-10 16:04:21.751', 'CREATED', 'JETTY PLATFORM (P2)', 42);
INSERT INTO post (id, created_by, date_created, last_edited_by, updated, operation, name, erp_detachment_id) VALUES (85, NULL, '2021-09-10 16:07:37.005', NULL, '2021-09-10 16:07:37.005', 'CREATED', 'DELGADO TOWER', 42);
INSERT INTO post (id, created_by, date_created, last_edited_by, updated, operation, name, erp_detachment_id) VALUES (86, NULL, '2021-09-10 16:07:59.756', NULL, '2021-09-10 16:07:59.756', 'CREATED', 'ROVING 1', 42);
INSERT INTO post (id, created_by, date_created, last_edited_by, updated, operation, name, erp_detachment_id) VALUES (87, NULL, '2021-09-10 16:08:05.337', NULL, '2021-09-10 16:08:05.337', 'CREATED', 'ROVING 2', 42);
INSERT INTO post (id, created_by, date_created, last_edited_by, updated, operation, name, erp_detachment_id) VALUES (88, NULL, '2021-09-10 16:09:12.173', NULL, '2021-09-10 16:09:12.173', 'CREATED', 'SEASIA WEIGH BRIDGE', 45);
INSERT INTO post (id, created_by, date_created, last_edited_by, updated, operation, name, erp_detachment_id) VALUES (89, NULL, '2021-09-10 16:09:34.924', NULL, '2021-09-10 16:09:34.924', 'CREATED', 'EAGLE-1/SEASIA ADMIN', 45);
INSERT INTO post (id, created_by, date_created, last_edited_by, updated, operation, name, erp_detachment_id) VALUES (90, NULL, '2021-09-10 16:09:42.633', NULL, '2021-09-10 16:09:42.633', 'CREATED', 'EAGLE-2/GATE-2', 45);
INSERT INTO post (id, created_by, date_created, last_edited_by, updated, operation, name, erp_detachment_id) VALUES (92, NULL, '2021-09-10 16:10:15.636', NULL, '2021-09-10 16:10:15.636', 'CREATED', 'EAGLE-5 ', 45);
INSERT INTO post (id, created_by, date_created, last_edited_by, updated, operation, name, erp_detachment_id) VALUES (91, NULL, '2021-09-10 16:09:54.675', NULL, '2021-09-10 16:10:26.798', 'UPDATED', 'ALPHA-3/GATE 3', 45);
INSERT INTO post (id, created_by, date_created, last_edited_by, updated, operation, name, erp_detachment_id) VALUES (93, NULL, '2021-09-10 16:10:40.847', NULL, '2021-09-10 16:10:40.847', 'CREATED', 'EAGLE-6', 45);
INSERT INTO post (id, created_by, date_created, last_edited_by, updated, operation, name, erp_detachment_id) VALUES (94, NULL, '2021-09-10 16:11:01.873', NULL, '2021-09-10 16:11:01.873', 'CREATED', 'EAGLE-3/GATE 3', 45);
INSERT INTO post (id, created_by, date_created, last_edited_by, updated, operation, name, erp_detachment_id) VALUES (95, NULL, '2021-09-10 16:11:16.161', NULL, '2021-09-10 16:11:16.161', 'CREATED', 'PANTHER', 45);
INSERT INTO post (id, created_by, date_created, last_edited_by, updated, operation, name, erp_detachment_id) VALUES (96, NULL, '2021-09-10 16:11:20.046', NULL, '2021-09-10 16:11:20.046', 'CREATED', 'STARBOARD', 45);
INSERT INTO post (id, created_by, date_created, last_edited_by, updated, operation, name, erp_detachment_id) VALUES (98, NULL, '2021-09-10 16:12:15.06', NULL, '2021-09-10 16:12:15.06', 'CREATED', 'YARA WHSE/PHANTOM', 46);
INSERT INTO post (id, created_by, date_created, last_edited_by, updated, operation, name, erp_detachment_id) VALUES (99, NULL, '2021-09-10 16:12:57.707', NULL, '2021-09-10 16:12:57.707', 'CREATED', '59 HECTARES', 40);
INSERT INTO post (id, created_by, date_created, last_edited_by, updated, operation, name, erp_detachment_id) VALUES (100, NULL, '2021-09-10 16:13:21.757', NULL, '2021-09-10 16:13:21.757', 'CREATED', 'HOTEL - 03', 40);
INSERT INTO post (id, created_by, date_created, last_edited_by, updated, operation, name, erp_detachment_id) VALUES (101, NULL, '2021-09-10 16:13:28.763', NULL, '2021-09-10 16:13:28.763', 'CREATED', 'HOTEL - 05', 40);
INSERT INTO post (id, created_by, date_created, last_edited_by, updated, operation, name, erp_detachment_id) VALUES (102, NULL, '2021-09-10 16:13:48.059', NULL, '2021-09-10 16:13:48.059', 'CREATED', 'HOTEL - 07', 40);
INSERT INTO post (id, created_by, date_created, last_edited_by, updated, operation, name, erp_detachment_id) VALUES (103, NULL, '2021-09-10 16:13:57.57', NULL, '2021-09-10 16:13:57.57', 'CREATED', 'HOTEL - 14', 40);
INSERT INTO post (id, created_by, date_created, last_edited_by, updated, operation, name, erp_detachment_id) VALUES (104, NULL, '2021-09-10 16:14:04.92', NULL, '2021-09-10 16:14:04.92', 'CREATED', 'HOTEL - 01', 40);
INSERT INTO post (id, created_by, date_created, last_edited_by, updated, operation, name, erp_detachment_id) VALUES (105, NULL, '2021-09-10 16:14:11.295', NULL, '2021-09-10 16:14:11.295', 'CREATED', 'CENTRAL', 40);
INSERT INTO post (id, created_by, date_created, last_edited_by, updated, operation, name, erp_detachment_id) VALUES (106, NULL, '2021-09-10 16:14:20.184', NULL, '2021-09-10 16:14:20.184', 'CREATED', 'HOTEL - 02', 40);
INSERT INTO post (id, created_by, date_created, last_edited_by, updated, operation, name, erp_detachment_id) VALUES (107, NULL, '2021-09-10 16:14:29.958', NULL, '2021-09-10 16:14:29.958', 'CREATED', 'DELTA 02', 40);
INSERT INTO post (id, created_by, date_created, last_edited_by, updated, operation, name, erp_detachment_id) VALUES (108, NULL, '2021-09-10 16:14:35.862', NULL, '2021-09-10 16:14:35.862', 'CREATED', 'HOTEL - 11', 40);
INSERT INTO post (id, created_by, date_created, last_edited_by, updated, operation, name, erp_detachment_id) VALUES (111, NULL, '2021-09-10 16:15:07.526', NULL, '2021-09-10 16:15:07.526', 'CREATED', 'ANNEX 02', 40);
INSERT INTO post (id, created_by, date_created, last_edited_by, updated, operation, name, erp_detachment_id) VALUES (110, NULL, '2021-09-10 16:15:00.712', NULL, '2021-09-10 16:15:16.615', 'UPDATED', 'ANNEX 01', 40);
INSERT INTO post (id, created_by, date_created, last_edited_by, updated, operation, name, erp_detachment_id) VALUES (113, NULL, '2021-09-10 16:15:47.569', NULL, '2021-09-10 16:15:47.569', 'CREATED', 'HOTEL - 10', 40);
INSERT INTO post (id, created_by, date_created, last_edited_by, updated, operation, name, erp_detachment_id) VALUES (114, NULL, '2021-09-10 16:15:52.029', NULL, '2021-09-10 16:15:52.029', 'CREATED', 'HOTEL - 13', 40);
INSERT INTO post (id, created_by, date_created, last_edited_by, updated, operation, name, erp_detachment_id) VALUES (115, NULL, '2021-09-10 16:15:58.147', NULL, '2021-09-10 16:15:58.147', 'CREATED', 'HOTEL - 06', 40);
INSERT INTO post (id, created_by, date_created, last_edited_by, updated, operation, name, erp_detachment_id) VALUES (116, NULL, '2021-09-10 16:16:04.998', NULL, '2021-09-10 16:16:04.998', 'CREATED', 'ANNEX - 06', 40);
INSERT INTO post (id, created_by, date_created, last_edited_by, updated, operation, name, erp_detachment_id) VALUES (117, NULL, '2021-09-10 16:16:10.692', NULL, '2021-09-10 16:16:10.692', 'CREATED', 'ANNEX - 04', 40);
INSERT INTO post (id, created_by, date_created, last_edited_by, updated, operation, name, erp_detachment_id) VALUES (118, NULL, '2021-09-10 16:16:19.034', NULL, '2021-09-10 16:16:19.034', 'CREATED', 'SECURITY OFFICE', 40);
INSERT INTO post (id, created_by, date_created, last_edited_by, updated, operation, name, erp_detachment_id) VALUES (119, NULL, '2021-09-10 16:18:25.429', NULL, '2021-09-10 16:18:25.429', 'CREATED', 'ASPHALT ROVING', 41);
INSERT INTO post (id, created_by, date_created, last_edited_by, updated, operation, name, erp_detachment_id) VALUES (120, NULL, '2021-09-10 16:18:36.922', NULL, '2021-09-10 16:18:36.922', 'CREATED', 'LPG ASPHALT GATE', 41);
INSERT INTO post (id, created_by, date_created, last_edited_by, updated, operation, name, erp_detachment_id) VALUES (121, NULL, '2021-09-10 16:18:49.372', NULL, '2021-09-10 16:18:49.372', 'CREATED', 'ACCESS ROAD ASSIST', 41);
INSERT INTO post (id, created_by, date_created, last_edited_by, updated, operation, name, erp_detachment_id) VALUES (122, NULL, '2021-09-10 16:18:57.139', NULL, '2021-09-10 16:18:57.139', 'CREATED', 'MAIN GATE', 41);
INSERT INTO post (id, created_by, date_created, last_edited_by, updated, operation, name, erp_detachment_id) VALUES (124, NULL, '2021-09-10 16:19:11.825', NULL, '2021-09-10 16:19:11.825', 'CREATED', 'TANK FARM', 41);
INSERT INTO post (id, created_by, date_created, last_edited_by, updated, operation, name, erp_detachment_id) VALUES (125, NULL, '2021-09-10 16:19:17.656', NULL, '2021-09-10 16:19:17.656', 'CREATED', 'OIL COVE', 41);
INSERT INTO post (id, created_by, date_created, last_edited_by, updated, operation, name, erp_detachment_id) VALUES (126, NULL, '2021-09-10 16:19:24.434', NULL, '2021-09-10 16:19:24.434', 'CREATED', 'BULK LOADING', 41);
INSERT INTO post (id, created_by, date_created, last_edited_by, updated, operation, name, erp_detachment_id) VALUES (109, NULL, '2021-09-10 16:14:48.344', NULL, '2021-09-10 16:14:48.344', 'CREATED', 'TOWER 10', 40);
INSERT INTO post (id, created_by, date_created, last_edited_by, updated, operation, name, erp_detachment_id) VALUES (112, NULL, '2021-09-10 16:15:11.19', NULL, '2021-09-10 16:15:11.19', 'CREATED', 'ANNEX 03', 40);
INSERT INTO post (id, created_by, date_created, last_edited_by, updated, operation, name, erp_detachment_id) VALUES (123, NULL, '2021-09-10 16:19:04.424', NULL, '2021-09-10 16:19:04.424', 'CREATED', 'BIRD GATE', 41);
INSERT INTO post (id, created_by, date_created, last_edited_by, updated, operation, name, erp_detachment_id) VALUES (127, NULL, '2021-09-10 16:19:31.75', NULL, '2021-09-10 16:19:31.75', 'CREATED', 'PIPE LINE', 41);
INSERT INTO post (id, created_by, date_created, last_edited_by, updated, operation, name, erp_detachment_id) VALUES (128, NULL, '2021-09-10 16:29:17.309', NULL, '2021-09-10 16:29:17.309', 'CREATED', 'PARKING', 41);
INSERT INTO post (id, created_by, date_created, last_edited_by, updated, operation, name, erp_detachment_id) VALUES (129, NULL, '2021-09-10 16:29:47.228', NULL, '2021-09-10 16:29:47.228', 'CREATED', 'MAIN GATE', 50);
INSERT INTO post (id, created_by, date_created, last_edited_by, updated, operation, name, erp_detachment_id) VALUES (130, NULL, '2021-09-10 16:29:53.289', NULL, '2021-09-10 16:29:53.289', 'CREATED', 'ROVING', 50);
INSERT INTO post (id, created_by, date_created, last_edited_by, updated, operation, name, erp_detachment_id) VALUES (131, NULL, '2021-09-10 16:30:13.644', NULL, '2021-09-10 16:30:13.644', 'CREATED', 'PROPERTY', 50);
INSERT INTO post (id, created_by, date_created, last_edited_by, updated, operation, name, erp_detachment_id) VALUES (132, NULL, '2021-09-10 16:30:22.652', NULL, '2021-09-10 16:30:22.652', 'CREATED', 'AUGMENT', 51);
INSERT INTO post (id, created_by, date_created, last_edited_by, updated, operation, name, erp_detachment_id) VALUES (133, NULL, '2021-09-10 16:34:45.257', NULL, '2021-09-10 16:34:45.257', 'CREATED', 'PATROL 2', 53);
INSERT INTO post (id, created_by, date_created, last_edited_by, updated, operation, name, erp_detachment_id) VALUES (134, NULL, '2021-09-10 16:34:56.024', NULL, '2021-09-10 16:34:56.024', 'CREATED', 'ADMIN', 53);
INSERT INTO post (id, created_by, date_created, last_edited_by, updated, operation, name, erp_detachment_id) VALUES (135, NULL, '2021-09-10 16:35:17.365', NULL, '2021-09-10 16:35:17.365', 'CREATED', 'PH CHECKPOINT', 53);
INSERT INTO post (id, created_by, date_created, last_edited_by, updated, operation, name, erp_detachment_id) VALUES (136, NULL, '2021-09-10 16:35:36.026', NULL, '2021-09-10 16:35:36.026', 'CREATED', 'AHC ROVING', 53);
INSERT INTO post (id, created_by, date_created, last_edited_by, updated, operation, name, erp_detachment_id) VALUES (137, NULL, '2021-09-10 16:35:45.9', NULL, '2021-09-10 16:35:45.9', 'CREATED', 'PATROL 1', 53);
INSERT INTO post (id, created_by, date_created, last_edited_by, updated, operation, name, erp_detachment_id) VALUES (138, NULL, '2021-09-10 16:35:55.327', NULL, '2021-09-10 16:35:55.327', 'CREATED', 'AUXILLARY', 53);
INSERT INTO post (id, created_by, date_created, last_edited_by, updated, operation, name, erp_detachment_id) VALUES (139, NULL, '2021-09-10 16:36:03.534', NULL, '2021-09-10 16:36:03.534', 'CREATED', 'SPILL WAY', 53);
INSERT INTO post (id, created_by, date_created, last_edited_by, updated, operation, name, erp_detachment_id) VALUES (140, NULL, '2021-09-10 16:36:12.768', NULL, '2021-09-10 16:36:12.768', 'CREATED', 'LOW LEVEL', 53);
INSERT INTO post (id, created_by, date_created, last_edited_by, updated, operation, name, erp_detachment_id) VALUES (141, NULL, '2021-09-10 16:36:24.721', NULL, '2021-09-10 16:36:24.721', 'CREATED', 'SURVEY', 53);
INSERT INTO post (id, created_by, date_created, last_edited_by, updated, operation, name, erp_detachment_id) VALUES (142, NULL, '2021-09-10 16:36:38.847', NULL, '2021-09-10 16:36:38.847', 'CREATED', 'DAM SITES', 53);
INSERT INTO post (id, created_by, date_created, last_edited_by, updated, operation, name, erp_detachment_id) VALUES (143, NULL, '2021-09-10 16:36:48.488', NULL, '2021-09-10 16:36:48.488', 'CREATED', 'PROPERTY', 53);
INSERT INTO post (id, created_by, date_created, last_edited_by, updated, operation, name, erp_detachment_id) VALUES (144, NULL, '2021-09-10 16:36:56.243', NULL, '2021-09-10 16:36:56.243', 'CREATED', 'BASIN', 53);
INSERT INTO post (id, created_by, date_created, last_edited_by, updated, operation, name, erp_detachment_id) VALUES (145, NULL, '2021-09-10 16:37:12.519', NULL, '2021-09-10 16:37:12.519', 'CREATED', 'PROPERTY ROVING', 53);
INSERT INTO post (id, created_by, date_created, last_edited_by, updated, operation, name, erp_detachment_id) VALUES (146, NULL, '2021-09-10 16:37:20.779', NULL, '2021-09-10 16:37:20.779', 'CREATED', 'West Perimeter', 49);
INSERT INTO post (id, created_by, date_created, last_edited_by, updated, operation, name, erp_detachment_id) VALUES (147, NULL, '2021-09-10 16:37:28.244', NULL, '2021-09-10 16:37:28.244', 'CREATED', 'AHC MAIN GATE', 53);
INSERT INTO post (id, created_by, date_created, last_edited_by, updated, operation, name, erp_detachment_id) VALUES (148, NULL, '2021-09-10 16:37:29.355', NULL, '2021-09-10 16:37:29.355', 'CREATED', 'East Perimeter', 49);
INSERT INTO post (id, created_by, date_created, last_edited_by, updated, operation, name, erp_detachment_id) VALUES (149, NULL, '2021-09-10 16:37:36.81', NULL, '2021-09-10 16:37:36.81', 'CREATED', 'Main Gate', 49);
INSERT INTO post (id, created_by, date_created, last_edited_by, updated, operation, name, erp_detachment_id) VALUES (150, NULL, '2021-09-10 16:37:39.549', NULL, '2021-09-10 16:37:39.549', 'CREATED', 'CONTROL', 53);
INSERT INTO post (id, created_by, date_created, last_edited_by, updated, operation, name, erp_detachment_id) VALUES (151, NULL, '2021-09-10 16:37:44.409', NULL, '2021-09-10 16:37:44.409', 'CREATED', 'Roving ', 49);
INSERT INTO post (id, created_by, date_created, last_edited_by, updated, operation, name, erp_detachment_id) VALUES (152, NULL, '2021-09-10 16:37:55.002', NULL, '2021-09-10 16:37:55.002', 'CREATED', 'POWER INTAKE', 53);
INSERT INTO post (id, created_by, date_created, last_edited_by, updated, operation, name, erp_detachment_id) VALUES (153, NULL, '2021-09-10 16:38:05.685', NULL, '2021-09-10 16:38:05.685', 'CREATED', 'TH LOBBY', 53);
INSERT INTO post (id, created_by, date_created, last_edited_by, updated, operation, name, erp_detachment_id) VALUES (154, NULL, '2021-09-10 16:38:14.471', NULL, '2021-09-10 16:38:14.471', 'CREATED', 'HOUSING 2', 53);
INSERT INTO post (id, created_by, date_created, last_edited_by, updated, operation, name, erp_detachment_id) VALUES (155, NULL, '2021-09-10 16:38:19.579', NULL, '2021-09-10 16:38:19.579', 'CREATED', 'SMPI Main Gate', 34);
INSERT INTO post (id, created_by, date_created, last_edited_by, updated, operation, name, erp_detachment_id) VALUES (156, NULL, '2021-09-10 16:38:24.675', NULL, '2021-09-10 16:38:24.675', 'CREATED', 'AHC ROVING 2', 53);
INSERT INTO post (id, created_by, date_created, last_edited_by, updated, operation, name, erp_detachment_id) VALUES (157, NULL, '2021-09-10 16:38:25.963', NULL, '2021-09-10 16:38:25.963', 'CREATED', 'Lusong', 34);
INSERT INTO post (id, created_by, date_created, last_edited_by, updated, operation, name, erp_detachment_id) VALUES (158, NULL, '2021-09-10 16:38:34.369', NULL, '2021-09-10 16:38:34.369', 'CREATED', 'Proper Talain', 34);
INSERT INTO post (id, created_by, date_created, last_edited_by, updated, operation, name, erp_detachment_id) VALUES (159, NULL, '2021-09-10 16:38:37.372', NULL, '2021-09-10 16:38:37.372', 'CREATED', 'SPILL WAY TUNNEL', 53);
INSERT INTO post (id, created_by, date_created, last_edited_by, updated, operation, name, erp_detachment_id) VALUES (160, NULL, '2021-09-10 16:38:48.025', NULL, '2021-09-10 16:38:48.025', 'CREATED', 'BAKAS KANYAKAN', 53);
INSERT INTO post (id, created_by, date_created, last_edited_by, updated, operation, name, erp_detachment_id) VALUES (161, NULL, '2021-09-10 16:38:59.989', NULL, '2021-09-10 16:38:59.989', 'CREATED', 'SAFETY FIRE EYE', 53);
INSERT INTO post (id, created_by, date_created, last_edited_by, updated, operation, name, erp_detachment_id) VALUES (162, NULL, '2021-09-10 16:39:11.926', NULL, '2021-09-10 16:39:11.926', 'CREATED', 'TOWER POST', 53);
INSERT INTO post (id, created_by, date_created, last_edited_by, updated, operation, name, erp_detachment_id) VALUES (163, NULL, '2021-09-10 16:39:17.269', NULL, '2021-09-10 16:39:17.269', 'CREATED', 'Ligua', 34);
INSERT INTO post (id, created_by, date_created, last_edited_by, updated, operation, name, erp_detachment_id) VALUES (164, NULL, '2021-09-10 16:39:23.631', NULL, '2021-09-10 16:39:32.821', 'UPDATED', 'Roving', 34);
INSERT INTO post (id, created_by, date_created, last_edited_by, updated, operation, name, erp_detachment_id) VALUES (165, NULL, '2021-09-10 16:39:56.768', NULL, '2021-09-10 16:39:56.768', 'CREATED', 'SMC Shipping  and Lighterage', 34);
INSERT INTO post (id, created_by, date_created, last_edited_by, updated, operation, name, erp_detachment_id) VALUES (166, NULL, '2021-09-10 16:42:11.867', NULL, '2021-09-10 16:42:11.867', 'CREATED', 'ROVING GUARD', 56);
INSERT INTO post (id, created_by, date_created, last_edited_by, updated, operation, name, erp_detachment_id) VALUES (167, NULL, '2021-09-10 16:42:18.085', NULL, '2021-09-10 16:42:18.085', 'CREATED', 'Batching Plant', 38);
INSERT INTO post (id, created_by, date_created, last_edited_by, updated, operation, name, erp_detachment_id) VALUES (168, NULL, '2021-09-10 16:42:26.296', NULL, '2021-09-10 16:42:26.296', 'CREATED', 'ADMIN', 56);
INSERT INTO post (id, created_by, date_created, last_edited_by, updated, operation, name, erp_detachment_id) VALUES (169, NULL, '2021-09-10 16:42:34.473', NULL, '2021-09-10 16:42:34.473', 'CREATED', 'CASHIER', 56);
INSERT INTO post (id, created_by, date_created, last_edited_by, updated, operation, name, erp_detachment_id) VALUES (170, NULL, '2021-09-10 16:42:43.75', NULL, '2021-09-10 16:42:43.75', 'CREATED', 'JEMCO Barracks', 37);
INSERT INTO post (id, created_by, date_created, last_edited_by, updated, operation, name, erp_detachment_id) VALUES (171, NULL, '2021-09-10 16:42:56.363', NULL, '2021-09-10 16:42:56.363', 'CREATED', 'Pier', 39);
INSERT INTO post (id, created_by, date_created, last_edited_by, updated, operation, name, erp_detachment_id) VALUES (172, NULL, '2021-09-10 16:43:17.245', NULL, '2021-09-10 16:43:17.245', 'CREATED', 'Main Gate', 36);
INSERT INTO post (id, created_by, date_created, last_edited_by, updated, operation, name, erp_detachment_id) VALUES (173, NULL, '2021-09-10 16:43:44.985', NULL, '2021-09-10 16:43:44.985', 'CREATED', 'GLOBAL GATE 1', 57);
INSERT INTO post (id, created_by, date_created, last_edited_by, updated, operation, name, erp_detachment_id) VALUES (174, NULL, '2021-09-10 16:43:47.691', NULL, '2021-09-10 16:43:47.691', 'CREATED', 'Production', 36);
INSERT INTO post (id, created_by, date_created, last_edited_by, updated, operation, name, erp_detachment_id) VALUES (175, NULL, '2021-09-10 16:43:54.4', NULL, '2021-09-10 16:43:54.4', 'CREATED', 'GLOBAL GATE 2', 57);
INSERT INTO post (id, created_by, date_created, last_edited_by, updated, operation, name, erp_detachment_id) VALUES (176, NULL, '2021-09-10 16:44:01.42', NULL, '2021-09-10 16:44:01.42', 'CREATED', 'P2', 57);
INSERT INTO post (id, created_by, date_created, last_edited_by, updated, operation, name, erp_detachment_id) VALUES (178, NULL, '2021-09-10 16:44:10.317', NULL, '2021-09-10 16:44:10.317', 'CREATED', 'P2 ROVING', 57);
INSERT INTO post (id, created_by, date_created, last_edited_by, updated, operation, name, erp_detachment_id) VALUES (180, NULL, '2021-09-10 16:44:16.784', NULL, '2021-09-10 16:44:16.784', 'CREATED', 'MAIN', 57);
INSERT INTO post (id, created_by, date_created, last_edited_by, updated, operation, name, erp_detachment_id) VALUES (182, NULL, '2021-09-10 16:44:30.966', NULL, '2021-09-10 16:44:30.966', 'CREATED', 'STANDBY MAIN GATE', 57);
INSERT INTO post (id, created_by, date_created, last_edited_by, updated, operation, name, erp_detachment_id) VALUES (183, NULL, '2021-09-10 16:45:02.845', NULL, '2021-09-10 16:45:02.845', 'CREATED', 'GLOBE GATE 1', 57);
INSERT INTO post (id, created_by, date_created, last_edited_by, updated, operation, name, erp_detachment_id) VALUES (184, NULL, '2021-09-10 16:45:56.818', NULL, '2021-09-10 16:45:56.818', 'CREATED', 'PRODUCTION A', 43);
INSERT INTO post (id, created_by, date_created, last_edited_by, updated, operation, name, erp_detachment_id) VALUES (185, NULL, '2021-09-10 16:46:03.113', NULL, '2021-09-10 16:46:03.113', 'CREATED', 'PRODUCTION B', 43);
INSERT INTO post (id, created_by, date_created, last_edited_by, updated, operation, name, erp_detachment_id) VALUES (186, NULL, '2021-09-10 16:46:13.21', NULL, '2021-09-10 16:46:13.21', 'CREATED', 'CHECKER GUARD', 58);
INSERT INTO post (id, created_by, date_created, last_edited_by, updated, operation, name, erp_detachment_id) VALUES (187, NULL, '2021-09-10 16:46:26.482', NULL, '2021-09-10 16:46:26.482', 'CREATED', 'PRODUCTION C', 43);
INSERT INTO post (id, created_by, date_created, last_edited_by, updated, operation, name, erp_detachment_id) VALUES (188, NULL, '2021-09-10 16:47:02.914', NULL, '2021-09-10 16:47:02.914', 'CREATED', 'BASE', 48);
INSERT INTO post (id, created_by, date_created, last_edited_by, updated, operation, name, erp_detachment_id) VALUES (189, NULL, '2021-09-10 16:47:06.289', NULL, '2021-09-10 16:47:06.289', 'CREATED', 'PFSO', 48);
INSERT INTO post (id, created_by, date_created, last_edited_by, updated, operation, name, erp_detachment_id) VALUES (190, NULL, '2021-09-10 16:47:21.009', NULL, '2021-09-10 16:47:21.009', 'CREATED', 'Roving 1', 48);
INSERT INTO post (id, created_by, date_created, last_edited_by, updated, operation, name, erp_detachment_id) VALUES (191, NULL, '2021-09-10 16:47:25.861', NULL, '2021-09-10 16:47:25.861', 'CREATED', 'Roving 2', 48);
INSERT INTO post (id, created_by, date_created, last_edited_by, updated, operation, name, erp_detachment_id) VALUES (192, NULL, '2021-09-10 16:47:47.788', NULL, '2021-09-10 16:47:47.788', 'CREATED', 'Echo 1A (Recorder)', 48);
INSERT INTO post (id, created_by, date_created, last_edited_by, updated, operation, name, erp_detachment_id) VALUES (193, NULL, '2021-09-10 16:48:06.223', NULL, '2021-09-10 16:48:06.223', 'CREATED', 'Echo 1D (Assist Guard)', 48);
INSERT INTO post (id, created_by, date_created, last_edited_by, updated, operation, name, erp_detachment_id) VALUES (194, NULL, '2021-09-10 16:48:23.128', NULL, '2021-09-10 16:48:23.128', 'CREATED', 'Echo 2 (Admin Bldg.)', 48);
INSERT INTO post (id, created_by, date_created, last_edited_by, updated, operation, name, erp_detachment_id) VALUES (195, NULL, '2021-09-10 16:48:38.456', NULL, '2021-09-10 16:48:38.456', 'CREATED', 'Echo 3 (Warehouse)', 48);
INSERT INTO post (id, created_by, date_created, last_edited_by, updated, operation, name, erp_detachment_id) VALUES (196, NULL, '2021-09-10 16:49:08.929', NULL, '2021-09-10 16:49:08.929', 'CREATED', 'Echo 4 (Training Center)', 48);
INSERT INTO post (id, created_by, date_created, last_edited_by, updated, operation, name, erp_detachment_id) VALUES (197, NULL, '2021-09-10 16:49:21.224', NULL, '2021-09-10 16:49:21.224', 'CREATED', 'Echo 5 (West Perimeter)', 48);
INSERT INTO post (id, created_by, date_created, last_edited_by, updated, operation, name, erp_detachment_id) VALUES (198, NULL, '2021-09-10 16:50:25.33', NULL, '2021-09-10 16:50:25.33', 'CREATED', 'ROVING GUARD', 59);
INSERT INTO post (id, created_by, date_created, last_edited_by, updated, operation, name, erp_detachment_id) VALUES (199, NULL, '2021-09-10 16:50:34.519', NULL, '2021-09-10 16:50:34.519', 'CREATED', 'MAIN GATE', 59);
INSERT INTO post (id, created_by, date_created, last_edited_by, updated, operation, name, erp_detachment_id) VALUES (200, NULL, '2021-09-10 16:51:09.28', NULL, '2021-09-10 16:51:09.28', 'CREATED', 'Echo 6A (Gate 2 Pedestrian/Vehicular)', 48);
INSERT INTO post (id, created_by, date_created, last_edited_by, updated, operation, name, erp_detachment_id) VALUES (201, NULL, '2021-09-10 16:51:40.838', NULL, '2021-09-10 16:51:40.838', 'CREATED', '1ST FLOOR BLDG 6', 60);
INSERT INTO post (id, created_by, date_created, last_edited_by, updated, operation, name, erp_detachment_id) VALUES (202, NULL, '2021-09-10 16:51:47.263', NULL, '2021-09-10 16:51:47.263', 'CREATED', 'Echo 6B (Gate 2 Pedestrian/Vehicular)', 48);
INSERT INTO post (id, created_by, date_created, last_edited_by, updated, operation, name, erp_detachment_id) VALUES (203, NULL, '2021-09-10 16:51:50.197', NULL, '2021-09-10 16:51:50.197', 'CREATED', 'BASEMENT 6', 60);
INSERT INTO post (id, created_by, date_created, last_edited_by, updated, operation, name, erp_detachment_id) VALUES (204, NULL, '2021-09-10 16:51:59.813', NULL, '2021-09-10 16:51:59.813', 'CREATED', 'Echo 11 (TG Ground)', 48);
INSERT INTO post (id, created_by, date_created, last_edited_by, updated, operation, name, erp_detachment_id) VALUES (205, NULL, '2021-09-10 16:52:09.194', NULL, '2021-09-10 16:52:09.194', 'CREATED', 'RADIO/TEL CONTROL 2', 60);
INSERT INTO post (id, created_by, date_created, last_edited_by, updated, operation, name, erp_detachment_id) VALUES (206, NULL, '2021-09-10 16:52:11.653', NULL, '2021-09-10 16:52:11.653', 'CREATED', 'Echo 12 (TG Roving)', 48);
INSERT INTO post (id, created_by, date_created, last_edited_by, updated, operation, name, erp_detachment_id) VALUES (207, NULL, '2021-09-10 16:52:19.15', NULL, '2021-09-10 16:52:19.15', 'CREATED', 'LOBBY ASSIST', 60);
INSERT INTO post (id, created_by, date_created, last_edited_by, updated, operation, name, erp_detachment_id) VALUES (208, NULL, '2021-09-10 16:52:25.061', NULL, '2021-09-10 16:52:25.061', 'CREATED', 'Echo 13 (TG-4)', 48);
INSERT INTO post (id, created_by, date_created, last_edited_by, updated, operation, name, erp_detachment_id) VALUES (209, NULL, '2021-09-10 16:52:46.543', NULL, '2021-09-10 16:52:46.543', 'CREATED', 'CCTV MONITOR OPERATOR', 60);
INSERT INTO post (id, created_by, date_created, last_edited_by, updated, operation, name, erp_detachment_id) VALUES (210, NULL, '2021-09-10 16:53:15.404', NULL, '2021-09-10 16:53:15.404', 'CREATED', 'BRAVO 6', 60);
INSERT INTO post (id, created_by, date_created, last_edited_by, updated, operation, name, erp_detachment_id) VALUES (211, NULL, '2021-09-10 16:53:23.253', NULL, '2021-09-10 16:53:23.253', 'CREATED', 'MAIN GATE', 60);
INSERT INTO post (id, created_by, date_created, last_edited_by, updated, operation, name, erp_detachment_id) VALUES (212, NULL, '2021-09-10 16:53:29.333', NULL, '2021-09-10 16:53:29.333', 'CREATED', 'Echo 14 (South Perimeter)', 48);
INSERT INTO post (id, created_by, date_created, last_edited_by, updated, operation, name, erp_detachment_id) VALUES (213, NULL, '2021-09-10 16:53:32.369', NULL, '2021-09-10 16:53:32.369', 'CREATED', 'EXIT GATE', 60);
INSERT INTO post (id, created_by, date_created, last_edited_by, updated, operation, name, erp_detachment_id) VALUES (214, NULL, '2021-09-10 16:53:41.861', NULL, '2021-09-10 16:53:41.861', 'CREATED', 'Echo 15 (Coal Yard 2 South)', 48);
INSERT INTO post (id, created_by, date_created, last_edited_by, updated, operation, name, erp_detachment_id) VALUES (215, NULL, '2021-09-10 16:53:58.82', NULL, '2021-09-10 16:53:58.82', 'CREATED', 'Echo 17 (Coal Yard Roving)', 48);
INSERT INTO post (id, created_by, date_created, last_edited_by, updated, operation, name, erp_detachment_id) VALUES (216, NULL, '2021-09-10 16:54:02.797', NULL, '2021-09-10 16:54:02.797', 'CREATED', 'PARKING (R-2)', 60);
INSERT INTO post (id, created_by, date_created, last_edited_by, updated, operation, name, erp_detachment_id) VALUES (217, NULL, '2021-09-10 16:54:20.907', NULL, '2021-09-10 16:54:20.907', 'CREATED', 'CCTV MONITOR B-5', 60);
INSERT INTO post (id, created_by, date_created, last_edited_by, updated, operation, name, erp_detachment_id) VALUES (218, NULL, '2021-09-10 16:54:34.495', NULL, '2021-09-10 16:54:34.495', 'CREATED', 'BLDG V BASEMENT', 60);
INSERT INTO post (id, created_by, date_created, last_edited_by, updated, operation, name, erp_detachment_id) VALUES (219, NULL, '2021-09-10 16:54:39.363', NULL, '2021-09-10 16:54:39.363', 'CREATED', 'Echo 18 (Tower South Perimeter Corner)', 48);
INSERT INTO post (id, created_by, date_created, last_edited_by, updated, operation, name, erp_detachment_id) VALUES (220, NULL, '2021-09-10 16:54:48.895', NULL, '2021-09-10 16:54:48.895', 'CREATED', 'BLDG V LOBBY', 60);
INSERT INTO post (id, created_by, date_created, last_edited_by, updated, operation, name, erp_detachment_id) VALUES (221, NULL, '2021-09-10 16:54:50.467', NULL, '2021-09-10 16:54:50.467', 'CREATED', 'Echo 20 (Common Pit)', 48);
INSERT INTO post (id, created_by, date_created, last_edited_by, updated, operation, name, erp_detachment_id) VALUES (222, NULL, '2021-09-10 16:55:05.691', NULL, '2021-09-10 16:55:05.691', 'CREATED', 'Echo 21 (Entrance Jetty)', 48);
INSERT INTO post (id, created_by, date_created, last_edited_by, updated, operation, name, erp_detachment_id) VALUES (223, NULL, '2021-09-10 16:55:15.299', NULL, '2021-09-10 16:55:15.299', 'CREATED', '6TH  FLOOR (OP)', 60);
INSERT INTO post (id, created_by, date_created, last_edited_by, updated, operation, name, erp_detachment_id) VALUES (224, NULL, '2021-09-10 16:55:15.476', NULL, '2021-09-10 16:55:15.476', 'CREATED', 'Echo 22 (Jetty)', 48);
INSERT INTO post (id, created_by, date_created, last_edited_by, updated, operation, name, erp_detachment_id) VALUES (225, NULL, '2021-09-10 16:55:35.598', NULL, '2021-09-10 16:55:35.598', 'CREATED', 'ROVING PATROL (R-1)', 60);
INSERT INTO post (id, created_by, date_created, last_edited_by, updated, operation, name, erp_detachment_id) VALUES (226, NULL, '2021-09-10 16:55:35.754', NULL, '2021-09-10 16:55:35.754', 'CREATED', 'Echo 25 (ASF Gate)', 48);
INSERT INTO post (id, created_by, date_created, last_edited_by, updated, operation, name, erp_detachment_id) VALUES (227, NULL, '2021-09-10 16:55:53.162', NULL, '2021-09-10 16:55:53.162', 'CREATED', 'Echo 26 (ASF Assist Guard)', 48);
INSERT INTO post (id, created_by, date_created, last_edited_by, updated, operation, name, erp_detachment_id) VALUES (228, NULL, '2021-09-10 16:56:19.036', NULL, '2021-09-10 16:56:19.036', 'CREATED', 'Echo 27 (ASF North West Perimeter)', 48);
INSERT INTO post (id, created_by, date_created, last_edited_by, updated, operation, name, erp_detachment_id) VALUES (229, NULL, '2021-09-10 16:56:58.026', NULL, '2021-09-10 16:56:58.026', 'CREATED', 'MAIN GATE', 61);
INSERT INTO post (id, created_by, date_created, last_edited_by, updated, operation, name, erp_detachment_id) VALUES (230, NULL, '2021-09-10 16:57:09.683', NULL, '2021-09-10 16:57:09.683', 'CREATED', 'SERVICE VEHICLE', 61);
INSERT INTO post (id, created_by, date_created, last_edited_by, updated, operation, name, erp_detachment_id) VALUES (231, NULL, '2021-09-10 16:57:17.133', NULL, '2021-09-10 16:57:17.133', 'CREATED', 'ADMIN', 61);
INSERT INTO post (id, created_by, date_created, last_edited_by, updated, operation, name, erp_detachment_id) VALUES (232, NULL, '2021-09-10 16:57:29.023', NULL, '2021-09-10 16:57:29.023', 'CREATED', 'ESB ADMIN LOBBY', 61);
INSERT INTO post (id, created_by, date_created, last_edited_by, updated, operation, name, erp_detachment_id) VALUES (233, NULL, '2021-09-10 16:57:43.596', NULL, '2021-09-10 16:57:43.596', 'CREATED', 'MAIN GATE ASIST', 61);
INSERT INTO post (id, created_by, date_created, last_edited_by, updated, operation, name, erp_detachment_id) VALUES (234, NULL, '2021-09-10 16:57:59.468', NULL, '2021-09-10 16:57:59.468', 'CREATED', 'TRIANGULAR PIER', 61);
INSERT INTO post (id, created_by, date_created, last_edited_by, updated, operation, name, erp_detachment_id) VALUES (235, NULL, '2021-09-10 16:58:31.859', NULL, '2021-09-10 16:58:31.859', 'CREATED', 'MARGINAL WHARF', 61);
INSERT INTO post (id, created_by, date_created, last_edited_by, updated, operation, name, erp_detachment_id) VALUES (236, NULL, '2021-09-10 16:59:03.847', NULL, '2021-09-10 16:59:03.847', 'CREATED', 'CALAMIAS GATE', 61);
INSERT INTO post (id, created_by, date_created, last_edited_by, updated, operation, name, erp_detachment_id) VALUES (237, NULL, '2021-09-10 16:59:13.345', NULL, '2021-09-10 16:59:13.345', 'CREATED', 'MOTORPOOL', 61);
INSERT INTO post (id, created_by, date_created, last_edited_by, updated, operation, name, erp_detachment_id) VALUES (238, NULL, '2021-09-10 16:59:24.026', NULL, '2021-09-10 16:59:24.026', 'CREATED', 'PIER ENTRANCE', 61);
INSERT INTO post (id, created_by, date_created, last_edited_by, updated, operation, name, erp_detachment_id) VALUES (239, NULL, '2021-09-10 16:59:34.526', NULL, '2021-09-10 16:59:34.526', 'CREATED', 'ROVING GUARD', 61);
INSERT INTO post (id, created_by, date_created, last_edited_by, updated, operation, name, erp_detachment_id) VALUES (240, NULL, '2021-09-10 16:59:53.845', NULL, '2021-09-10 16:59:53.845', 'CREATED', 'LOBBY GUARD', 61);
INSERT INTO post (id, created_by, date_created, last_edited_by, updated, operation, name, erp_detachment_id) VALUES (241, NULL, '2021-09-10 17:00:04.406', NULL, '2021-09-10 17:00:04.406', 'CREATED', 'BOAT PATROL', 61);
INSERT INTO post (id, created_by, date_created, last_edited_by, updated, operation, name, erp_detachment_id) VALUES (242, NULL, '2021-09-10 17:00:13.645', NULL, '2021-09-10 17:00:13.645', 'CREATED', 'PETRON GATE', 61);
INSERT INTO post (id, created_by, date_created, last_edited_by, updated, operation, name, erp_detachment_id) VALUES (243, NULL, '2021-09-10 17:00:38.728', NULL, '2021-09-10 17:00:38.728', 'CREATED', 'ALDIOM LATHROP', 61);
INSERT INTO post (id, created_by, date_created, last_edited_by, updated, operation, name, erp_detachment_id) VALUES (244, NULL, '2021-09-10 17:01:02.99', NULL, '2021-09-10 17:01:02.99', 'CREATED', 'Echo 28 (ASF North West Perimeter)', 48);
INSERT INTO post (id, created_by, date_created, last_edited_by, updated, operation, name, erp_detachment_id) VALUES (245, NULL, '2021-09-10 17:01:16.91', NULL, '2021-09-10 17:01:16.91', 'CREATED', 'Echo 29 (ASF West Perimeter)', 48);
INSERT INTO post (id, created_by, date_created, last_edited_by, updated, operation, name, erp_detachment_id) VALUES (246, NULL, '2021-09-10 17:01:32.574', NULL, '2021-09-10 17:01:32.574', 'CREATED', 'Echo 30 (ASF South Perimeter', 48);
INSERT INTO post (id, created_by, date_created, last_edited_by, updated, operation, name, erp_detachment_id) VALUES (247, NULL, '2021-09-10 17:01:59.221', NULL, '2021-09-10 17:01:59.221', 'CREATED', 'Echo 31 (ASF South East Perimeter)', 48);
INSERT INTO post (id, created_by, date_created, last_edited_by, updated, operation, name, erp_detachment_id) VALUES (248, NULL, '2021-09-10 17:02:15.038', NULL, '2021-09-10 17:02:15.038', 'CREATED', 'Echo 32 (Warehouse Annex)', 48);
INSERT INTO post (id, created_by, date_created, last_edited_by, updated, operation, name, erp_detachment_id) VALUES (249, NULL, '2021-09-10 17:02:27.291', NULL, '2021-09-10 17:02:27.291', 'CREATED', 'Morong South Perimeter 1', 48);
INSERT INTO post (id, created_by, date_created, last_edited_by, updated, operation, name, erp_detachment_id) VALUES (250, NULL, '2021-09-10 17:02:40.981', NULL, '2021-09-10 17:02:40.981', 'CREATED', 'Lubao (Common Pit)', 48);
INSERT INTO post (id, created_by, date_created, last_edited_by, updated, operation, name, erp_detachment_id) VALUES (251, NULL, '2021-09-10 17:02:55.516', NULL, '2021-09-10 17:02:55.516', 'CREATED', 'Summit (Water Intake)', 48);
INSERT INTO post (id, created_by, date_created, last_edited_by, updated, operation, name, erp_detachment_id) VALUES (253, NULL, '2021-09-10 17:07:12.235', NULL, '2021-09-10 17:07:12.235', 'CREATED', 'Arayat (Motor pool)', 48);
INSERT INTO post (id, created_by, date_created, last_edited_by, updated, operation, name, erp_detachment_id) VALUES (254, NULL, '2021-09-10 17:07:29.937', NULL, '2021-09-10 17:07:29.937', 'CREATED', 'Echo 1B (Pedestrian)', 48);
INSERT INTO post (id, created_by, date_created, last_edited_by, updated, operation, name, erp_detachment_id) VALUES (255, NULL, '2021-09-10 17:17:20.6', NULL, '2021-09-10 17:17:32.521', 'UPDATED', 'Echo 7 (South West Perimeter)', 48);
INSERT INTO post (id, created_by, date_created, last_edited_by, updated, operation, name, erp_detachment_id) VALUES (256, NULL, '2021-09-10 17:17:45.089', NULL, '2021-09-10 17:17:45.089', 'CREATED', 'Echo 8 (Housing)', 48);
INSERT INTO post (id, created_by, date_created, last_edited_by, updated, operation, name, erp_detachment_id) VALUES (257, NULL, '2021-09-10 17:17:58.369', NULL, '2021-09-10 17:18:11.52', 'UPDATED', 'Echo 9 (South Perimerter 2)', 48);
INSERT INTO post (id, created_by, date_created, last_edited_by, updated, operation, name, erp_detachment_id) VALUES (258, NULL, '2021-09-10 17:18:28.216', NULL, '2021-09-10 17:18:28.216', 'CREATED', 'Echo 10 (South West Perimeter 3)', 48);
INSERT INTO post (id, created_by, date_created, last_edited_by, updated, operation, name, erp_detachment_id) VALUES (259, NULL, '2021-09-10 17:18:47.358', NULL, '2021-09-10 17:18:47.358', 'CREATED', 'Echo 16 (SE Perimeter)', 48);
INSERT INTO post (id, created_by, date_created, last_edited_by, updated, operation, name, erp_detachment_id) VALUES (260, NULL, '2021-09-10 17:19:05.638', NULL, '2021-09-10 17:19:05.638', 'CREATED', 'Echo 19 (Motor Pool and MRF)', 48);
INSERT INTO post (id, created_by, date_created, last_edited_by, updated, operation, name, erp_detachment_id) VALUES (261, NULL, '2021-09-10 17:19:35.368', NULL, '2021-09-10 17:19:35.368', 'CREATED', 'Echo 23 (Assist Guard Gate 1)', 48);
INSERT INTO post (id, created_by, date_created, last_edited_by, updated, operation, name, erp_detachment_id) VALUES (262, NULL, '2021-09-10 17:21:20.274', NULL, '2021-09-10 17:21:20.274', 'CREATED', 'Echo 24 (24 Meter Road)', 48);
INSERT INTO post (id, created_by, date_created, last_edited_by, updated, operation, name, erp_detachment_id) VALUES (263, NULL, '2021-09-14 11:19:51.086', NULL, '2021-09-14 11:19:51.086', 'CREATED', 'MAIN GATE', 66);
INSERT INTO post (id, created_by, date_created, last_edited_by, updated, operation, name, erp_detachment_id) VALUES (264, NULL, '2021-09-14 11:19:59.445', NULL, '2021-09-14 11:19:59.445', 'CREATED', 'ROVING', 66);
INSERT INTO post (id, created_by, date_created, last_edited_by, updated, operation, name, erp_detachment_id) VALUES (265, NULL, '2021-09-14 11:20:12.607', NULL, '2021-09-14 11:20:12.607', 'CREATED', 'WATCH TOWER', 66);
INSERT INTO post (id, created_by, date_created, last_edited_by, updated, operation, name, erp_detachment_id) VALUES (266, NULL, '2021-09-14 11:20:55.878', NULL, '2021-09-14 11:20:55.878', 'CREATED', 'MAIN GATE', 65);
INSERT INTO post (id, created_by, date_created, last_edited_by, updated, operation, name, erp_detachment_id) VALUES (267, NULL, '2021-09-14 11:21:03.894', NULL, '2021-09-14 11:21:03.894', 'CREATED', 'ROVING', 65);
INSERT INTO post (id, created_by, date_created, last_edited_by, updated, operation, name, erp_detachment_id) VALUES (268, NULL, '2021-09-14 11:21:49.192', NULL, '2021-09-14 11:21:49.192', 'CREATED', 'MAIN GATE', 63);
INSERT INTO post (id, created_by, date_created, last_edited_by, updated, operation, name, erp_detachment_id) VALUES (269, NULL, '2021-09-14 11:21:55.457', NULL, '2021-09-14 11:21:55.457', 'CREATED', 'ROVING', 63);
INSERT INTO post (id, created_by, date_created, last_edited_by, updated, operation, name, erp_detachment_id) VALUES (270, NULL, '2021-09-14 11:22:04.097', NULL, '2021-09-14 11:22:04.097', 'CREATED', 'WATCH TOWER', 63);
INSERT INTO post (id, created_by, date_created, last_edited_by, updated, operation, name, erp_detachment_id) VALUES (271, NULL, '2021-09-14 11:22:53.238', NULL, '2021-09-14 11:22:53.238', 'CREATED', 'MAIN GATE', 68);
INSERT INTO post (id, created_by, date_created, last_edited_by, updated, operation, name, erp_detachment_id) VALUES (272, NULL, '2021-09-14 11:22:59.098', NULL, '2021-09-14 11:22:59.098', 'CREATED', 'ROVING', 68);
INSERT INTO post (id, created_by, date_created, last_edited_by, updated, operation, name, erp_detachment_id) VALUES (273, NULL, '2021-09-14 11:23:34.665', NULL, '2021-09-14 11:23:34.665', 'CREATED', 'MAIN GATE', 73);
INSERT INTO post (id, created_by, date_created, last_edited_by, updated, operation, name, erp_detachment_id) VALUES (274, NULL, '2021-09-14 11:23:40.743', NULL, '2021-09-14 11:23:40.743', 'CREATED', 'ROVING', 73);
INSERT INTO post (id, created_by, date_created, last_edited_by, updated, operation, name, erp_detachment_id) VALUES (275, NULL, '2021-09-14 11:23:48.431', NULL, '2021-09-14 11:23:48.431', 'CREATED', 'WATCH TOWER', 73);
INSERT INTO post (id, created_by, date_created, last_edited_by, updated, operation, name, erp_detachment_id) VALUES (276, NULL, '2021-09-14 11:25:05.651', NULL, '2021-09-14 11:25:05.651', 'CREATED', 'MAIN GATE', 70);
INSERT INTO post (id, created_by, date_created, last_edited_by, updated, operation, name, erp_detachment_id) VALUES (277, NULL, '2021-09-14 11:25:25.011', NULL, '2021-09-14 11:25:25.011', 'CREATED', 'EVA/ADMIN BLDG', 70);
INSERT INTO post (id, created_by, date_created, last_edited_by, updated, operation, name, erp_detachment_id) VALUES (278, NULL, '2021-09-14 11:25:34.87', NULL, '2021-09-14 11:25:34.87', 'CREATED', 'LSA WATCH TOWER', 70);
INSERT INTO post (id, created_by, date_created, last_edited_by, updated, operation, name, erp_detachment_id) VALUES (279, NULL, '2021-09-14 11:25:50.183', NULL, '2021-09-14 11:25:50.183', 'CREATED', 'EXIT GATE', 70);
INSERT INTO post (id, created_by, date_created, last_edited_by, updated, operation, name, erp_detachment_id) VALUES (280, NULL, '2021-09-14 11:26:02.745', NULL, '2021-09-14 11:26:02.745', 'CREATED', 'SECONDARY GATE', 70);
INSERT INTO post (id, created_by, date_created, last_edited_by, updated, operation, name, erp_detachment_id) VALUES (281, NULL, '2021-09-14 11:26:16.356', NULL, '2021-09-14 11:26:16.356', 'CREATED', 'MAIN GATE ASSIST', 70);
INSERT INTO post (id, created_by, date_created, last_edited_by, updated, operation, name, erp_detachment_id) VALUES (282, NULL, '2021-09-14 11:26:25.653', NULL, '2021-09-14 11:26:25.653', 'CREATED', 'CCTV OPERATOR', 70);
INSERT INTO post (id, created_by, date_created, last_edited_by, updated, operation, name, erp_detachment_id) VALUES (283, NULL, '2021-09-14 11:27:02.78', NULL, '2021-09-14 11:27:02.78', 'CREATED', 'MAIN GATE', 64);
INSERT INTO post (id, created_by, date_created, last_edited_by, updated, operation, name, erp_detachment_id) VALUES (284, NULL, '2021-09-14 11:27:08.265', NULL, '2021-09-14 11:27:08.265', 'CREATED', 'ROVING', 64);
INSERT INTO post (id, created_by, date_created, last_edited_by, updated, operation, name, erp_detachment_id) VALUES (285, NULL, '2021-09-14 11:27:45.189', NULL, '2021-09-14 11:27:45.189', 'CREATED', 'MAIN GATE', 67);
INSERT INTO post (id, created_by, date_created, last_edited_by, updated, operation, name, erp_detachment_id) VALUES (286, NULL, '2021-09-14 11:27:50.83', NULL, '2021-09-14 11:27:50.83', 'CREATED', 'ROVING', 67);
INSERT INTO post (id, created_by, date_created, last_edited_by, updated, operation, name, erp_detachment_id) VALUES (287, NULL, '2021-09-14 11:28:06.862', NULL, '2021-09-14 11:28:06.862', 'CREATED', 'SPARE CABLE', 67);
INSERT INTO post (id, created_by, date_created, last_edited_by, updated, operation, name, erp_detachment_id) VALUES (288, NULL, '2021-09-14 11:29:51.052', NULL, '2021-09-14 11:29:51.052', 'CREATED', 'MAIN GATE', 87);
INSERT INTO post (id, created_by, date_created, last_edited_by, updated, operation, name, erp_detachment_id) VALUES (289, NULL, '2021-09-14 11:30:11.866', NULL, '2021-09-14 11:30:11.866', 'CREATED', 'GATE GUARD/MOLASSES', 87);
INSERT INTO post (id, created_by, date_created, last_edited_by, updated, operation, name, erp_detachment_id) VALUES (290, NULL, '2021-09-14 11:30:30.101', NULL, '2021-09-14 11:30:30.101', 'CREATED', 'STAFF HOUSE', 87);
INSERT INTO post (id, created_by, date_created, last_edited_by, updated, operation, name, erp_detachment_id) VALUES (291, NULL, '2021-09-14 11:30:37.18', NULL, '2021-09-14 11:30:37.18', 'CREATED', 'ROVING', 87);
INSERT INTO post (id, created_by, date_created, last_edited_by, updated, operation, name, erp_detachment_id) VALUES (292, NULL, '2021-09-14 11:30:57.789', NULL, '2021-09-14 11:30:57.789', 'CREATED', 'RICE HULL', 87);
INSERT INTO post (id, created_by, date_created, last_edited_by, updated, operation, name, erp_detachment_id) VALUES (293, NULL, '2021-09-14 11:32:02.072', NULL, '2021-09-14 11:32:02.072', 'CREATED', 'PRICE MANSION G1', 88);
INSERT INTO post (id, created_by, date_created, last_edited_by, updated, operation, name, erp_detachment_id) VALUES (294, NULL, '2021-09-14 11:32:11.416', NULL, '2021-09-14 11:32:11.416', 'CREATED', 'PRICE MANSION G2', 88);
INSERT INTO post (id, created_by, date_created, last_edited_by, updated, operation, name, erp_detachment_id) VALUES (295, NULL, '2021-09-14 11:33:06.059', NULL, '2021-09-14 11:33:06.059', 'CREATED', 'NIPA HUT G4', 88);
INSERT INTO post (id, created_by, date_created, last_edited_by, updated, operation, name, erp_detachment_id) VALUES (296, NULL, '2021-09-14 11:35:26.551', NULL, '2021-09-14 11:35:26.551', 'CREATED', 'TTLR-ECHO', 89);
INSERT INTO post (id, created_by, date_created, last_edited_by, updated, operation, name, erp_detachment_id) VALUES (297, NULL, '2021-09-14 11:35:38.567', NULL, '2021-09-14 11:35:38.567', 'CREATED', 'TTLR-CHARLIE', 89);
INSERT INTO post (id, created_by, date_created, last_edited_by, updated, operation, name, erp_detachment_id) VALUES (298, NULL, '2021-09-14 11:35:56.505', NULL, '2021-09-14 11:35:56.505', 'CREATED', 'CHECKLIST GUARD', 89);
INSERT INTO post (id, created_by, date_created, last_edited_by, updated, operation, name, erp_detachment_id) VALUES (299, NULL, '2021-09-14 11:42:27.746', NULL, '2021-09-14 11:42:27.746', 'CREATED', 'ECHO 1/GATE 2', 75);
INSERT INTO post (id, created_by, date_created, last_edited_by, updated, operation, name, erp_detachment_id) VALUES (300, NULL, '2021-09-14 11:42:41.966', NULL, '2021-09-14 11:42:41.966', 'CREATED', 'SOUTH ROAD', 75);
INSERT INTO post (id, created_by, date_created, last_edited_by, updated, operation, name, erp_detachment_id) VALUES (301, NULL, '2021-09-14 11:42:50.201', NULL, '2021-09-14 11:43:08.124', 'UPDATED', 'NORTH ROAD/ GATE 1', 75);
INSERT INTO post (id, created_by, date_created, last_edited_by, updated, operation, name, erp_detachment_id) VALUES (302, NULL, '2021-09-14 11:43:54.86', NULL, '2021-09-14 11:43:54.86', 'CREATED', 'CCTV OPERATOR', 77);
INSERT INTO post (id, created_by, date_created, last_edited_by, updated, operation, name, erp_detachment_id) VALUES (303, NULL, '2021-09-14 11:44:00.938', NULL, '2021-09-14 11:44:00.938', 'CREATED', 'FRISKING', 77);
INSERT INTO post (id, created_by, date_created, last_edited_by, updated, operation, name, erp_detachment_id) VALUES (304, NULL, '2021-09-14 11:44:14.938', NULL, '2021-09-14 11:44:14.938', 'CREATED', 'FRONT END', 77);
INSERT INTO post (id, created_by, date_created, last_edited_by, updated, operation, name, erp_detachment_id) VALUES (305, NULL, '2021-09-14 11:44:23.314', NULL, '2021-09-14 11:44:23.314', 'CREATED', 'ROVING GUARD', 77);
INSERT INTO post (id, created_by, date_created, last_edited_by, updated, operation, name, erp_detachment_id) VALUES (306, NULL, '2021-09-14 11:45:03.303', NULL, '2021-09-14 11:45:03.303', 'CREATED', 'ENTRANCE 2', 76);
INSERT INTO post (id, created_by, date_created, last_edited_by, updated, operation, name, erp_detachment_id) VALUES (307, NULL, '2021-09-14 11:45:17.007', NULL, '2021-09-14 11:45:17.007', 'CREATED', 'ENTRANCE 1', 76);
INSERT INTO post (id, created_by, date_created, last_edited_by, updated, operation, name, erp_detachment_id) VALUES (308, NULL, '2021-09-14 11:45:25.758', NULL, '2021-09-14 11:45:25.758', 'CREATED', 'FRISKING', 76);
INSERT INTO post (id, created_by, date_created, last_edited_by, updated, operation, name, erp_detachment_id) VALUES (309, NULL, '2021-09-14 11:45:31.805', NULL, '2021-09-14 11:45:31.805', 'CREATED', 'DEPOT', 76);
INSERT INTO post (id, created_by, date_created, last_edited_by, updated, operation, name, erp_detachment_id) VALUES (310, NULL, '2021-09-14 11:46:14.45', NULL, '2021-09-14 11:46:14.45', 'CREATED', 'CIVILIAN GUARD', 78);
INSERT INTO post (id, created_by, date_created, last_edited_by, updated, operation, name, erp_detachment_id) VALUES (311, NULL, '2021-09-14 11:46:21.872', NULL, '2021-09-14 11:46:21.872', 'CREATED', 'FRISKING', 78);
INSERT INTO post (id, created_by, date_created, last_edited_by, updated, operation, name, erp_detachment_id) VALUES (312, NULL, '2021-09-14 11:48:24.336', NULL, '2021-09-14 11:48:24.336', 'CREATED', 'GATE', 90);
INSERT INTO post (id, created_by, date_created, last_edited_by, updated, operation, name, erp_detachment_id) VALUES (313, NULL, '2021-09-14 11:48:44.12', NULL, '2021-09-14 11:48:44.12', 'CREATED', 'TANK TRUNK LOADING RACK', 90);
INSERT INTO post (id, created_by, date_created, last_edited_by, updated, operation, name, erp_detachment_id) VALUES (314, NULL, '2021-09-14 11:53:36.39', NULL, '2021-09-14 11:53:36.39', 'CREATED', '1ST FLOOR BLDG 6', 91);
INSERT INTO post (id, created_by, date_created, last_edited_by, updated, operation, name, erp_detachment_id) VALUES (315, NULL, '2021-09-14 11:53:55.001', NULL, '2021-09-14 11:53:55.001', 'CREATED', 'BASEMENT 6', 91);
INSERT INTO post (id, created_by, date_created, last_edited_by, updated, operation, name, erp_detachment_id) VALUES (316, NULL, '2021-09-14 11:54:10.454', NULL, '2021-09-14 11:54:10.454', 'CREATED', 'TEL/ CONTROL 2', 91);
INSERT INTO post (id, created_by, date_created, last_edited_by, updated, operation, name, erp_detachment_id) VALUES (317, NULL, '2021-09-14 11:54:18.408', NULL, '2021-09-14 11:54:18.408', 'CREATED', 'LOBBY ASSIST', 91);
INSERT INTO post (id, created_by, date_created, last_edited_by, updated, operation, name, erp_detachment_id) VALUES (318, NULL, '2021-09-14 11:54:34.783', NULL, '2021-09-14 11:54:34.783', 'CREATED', 'BRAVO 6', 91);
INSERT INTO post (id, created_by, date_created, last_edited_by, updated, operation, name, erp_detachment_id) VALUES (319, NULL, '2021-09-14 11:54:58.941', NULL, '2021-09-14 11:54:58.941', 'CREATED', 'CCTV MONITOR OPERATOR', 91);
INSERT INTO post (id, created_by, date_created, last_edited_by, updated, operation, name, erp_detachment_id) VALUES (320, NULL, '2021-09-14 11:55:11.457', NULL, '2021-09-14 11:55:11.457', 'CREATED', 'MAIN GATE', 91);
INSERT INTO post (id, created_by, date_created, last_edited_by, updated, operation, name, erp_detachment_id) VALUES (321, NULL, '2021-09-14 11:55:19.378', NULL, '2021-09-14 11:55:19.378', 'CREATED', 'EXIT GATE', 91);
INSERT INTO post (id, created_by, date_created, last_edited_by, updated, operation, name, erp_detachment_id) VALUES (322, NULL, '2021-09-14 11:55:46.223', NULL, '2021-09-14 11:55:46.223', 'CREATED', 'PARKING (R-2)', 91);
INSERT INTO post (id, created_by, date_created, last_edited_by, updated, operation, name, erp_detachment_id) VALUES (323, NULL, '2021-09-14 11:56:07.615', NULL, '2021-09-14 11:56:07.615', 'CREATED', 'BUILDING V BASEMENT', 91);
INSERT INTO post (id, created_by, date_created, last_edited_by, updated, operation, name, erp_detachment_id) VALUES (324, NULL, '2021-09-14 11:56:34.194', NULL, '2021-09-14 11:56:34.194', 'CREATED', 'CCTV MONITOR B-5', 91);
INSERT INTO post (id, created_by, date_created, last_edited_by, updated, operation, name, erp_detachment_id) VALUES (325, NULL, '2021-09-14 11:56:53.914', NULL, '2021-09-14 11:56:53.914', 'CREATED', 'BUILDING V BASEMENT', 91);
INSERT INTO post (id, created_by, date_created, last_edited_by, updated, operation, name, erp_detachment_id) VALUES (326, NULL, '2021-09-14 11:57:03.429', NULL, '2021-09-14 11:57:03.429', 'CREATED', 'BUILDING V LOBBY', 91);
INSERT INTO post (id, created_by, date_created, last_edited_by, updated, operation, name, erp_detachment_id) VALUES (327, NULL, '2021-09-14 11:57:24.915', NULL, '2021-09-14 11:57:24.915', 'CREATED', '6TH FLOOR (OP)', 91);
INSERT INTO post (id, created_by, date_created, last_edited_by, updated, operation, name, erp_detachment_id) VALUES (328, NULL, '2021-09-14 11:57:45.103', NULL, '2021-09-14 11:57:45.103', 'CREATED', 'ROVING PATROL (R-1)', 91);
INSERT INTO post (id, created_by, date_created, last_edited_by, updated, operation, name, erp_detachment_id) VALUES (329, NULL, '2021-09-14 12:01:23.991', NULL, '2021-09-14 12:01:23.991', 'CREATED', 'MAIN GATE', 92);
INSERT INTO post (id, created_by, date_created, last_edited_by, updated, operation, name, erp_detachment_id) VALUES (330, NULL, '2021-09-14 12:02:05.26', NULL, '2021-09-14 12:02:05.26', 'CREATED', 'SERVICE VEHICLE', 92);
INSERT INTO post (id, created_by, date_created, last_edited_by, updated, operation, name, erp_detachment_id) VALUES (331, NULL, '2021-09-14 12:02:29.887', NULL, '2021-09-14 12:02:29.887', 'CREATED', 'ADMIN (OPERATIONS)', 92);
INSERT INTO post (id, created_by, date_created, last_edited_by, updated, operation, name, erp_detachment_id) VALUES (332, NULL, '2021-09-14 12:02:52.044', NULL, '2021-09-14 12:02:52.044', 'CREATED', 'ESB ADMIN LOBBY', 92);
INSERT INTO post (id, created_by, date_created, last_edited_by, updated, operation, name, erp_detachment_id) VALUES (333, NULL, '2021-09-14 12:03:14.732', NULL, '2021-09-14 12:03:14.732', 'CREATED', 'MAIN GATE GUARD', 92);
INSERT INTO post (id, created_by, date_created, last_edited_by, updated, operation, name, erp_detachment_id) VALUES (334, NULL, '2021-09-14 12:03:27.857', NULL, '2021-09-14 12:03:27.857', 'CREATED', 'MAIN GATE ASSIST', 92);
INSERT INTO post (id, created_by, date_created, last_edited_by, updated, operation, name, erp_detachment_id) VALUES (335, NULL, '2021-09-14 12:03:46.264', NULL, '2021-09-14 12:03:46.264', 'CREATED', 'TRIANGULAR PIER', 92);
INSERT INTO post (id, created_by, date_created, last_edited_by, updated, operation, name, erp_detachment_id) VALUES (336, NULL, '2021-09-14 12:04:13.642', NULL, '2021-09-14 12:04:13.642', 'CREATED', 'MARGINAL WHARF', 92);
INSERT INTO post (id, created_by, date_created, last_edited_by, updated, operation, name, erp_detachment_id) VALUES (337, NULL, '2021-09-14 12:04:35.127', NULL, '2021-09-14 12:04:35.127', 'CREATED', 'CALAMIAS GATE', 92);
INSERT INTO post (id, created_by, date_created, last_edited_by, updated, operation, name, erp_detachment_id) VALUES (338, NULL, '2021-09-14 12:04:54.551', NULL, '2021-09-14 12:04:54.551', 'CREATED', 'PIER ENTRANCE', 92);
INSERT INTO post (id, created_by, date_created, last_edited_by, updated, operation, name, erp_detachment_id) VALUES (339, NULL, '2021-09-14 12:05:05.349', NULL, '2021-09-14 12:05:05.349', 'CREATED', 'MOTORPOOL', 92);
INSERT INTO post (id, created_by, date_created, last_edited_by, updated, operation, name, erp_detachment_id) VALUES (340, NULL, '2021-09-14 12:05:23.63', NULL, '2021-09-14 12:05:23.63', 'CREATED', 'ROVING GUARD', 92);
INSERT INTO post (id, created_by, date_created, last_edited_by, updated, operation, name, erp_detachment_id) VALUES (341, NULL, '2021-09-14 12:05:39.646', NULL, '2021-09-14 12:05:39.646', 'CREATED', 'LOBBY GUARD', 92);
INSERT INTO post (id, created_by, date_created, last_edited_by, updated, operation, name, erp_detachment_id) VALUES (342, NULL, '2021-09-14 12:05:47.49', NULL, '2021-09-14 12:05:47.49', 'CREATED', 'BOAT PATROL', 92);
INSERT INTO post (id, created_by, date_created, last_edited_by, updated, operation, name, erp_detachment_id) VALUES (343, NULL, '2021-09-14 12:06:00.085', NULL, '2021-09-14 12:06:00.085', 'CREATED', 'PETRON GATE', 92);
INSERT INTO post (id, created_by, date_created, last_edited_by, updated, operation, name, erp_detachment_id) VALUES (344, NULL, '2021-09-14 12:06:26.774', NULL, '2021-09-14 12:06:26.774', 'CREATED', 'ALDIOM LATHROP', 92);
INSERT INTO post (id, created_by, date_created, last_edited_by, updated, operation, name, erp_detachment_id) VALUES (345, NULL, '2021-09-14 12:08:08.327', NULL, '2021-09-14 12:08:08.327', 'CREATED', 'ROVING GUARD', 82);
INSERT INTO post (id, created_by, date_created, last_edited_by, updated, operation, name, erp_detachment_id) VALUES (346, NULL, '2021-09-14 12:08:18.141', NULL, '2021-09-14 12:08:18.141', 'CREATED', 'MAIN GATE', 82);
INSERT INTO post (id, created_by, date_created, last_edited_by, updated, operation, name, erp_detachment_id) VALUES (347, NULL, '2021-09-17 13:40:06.138', NULL, '2021-09-17 13:40:06.138', 'CREATED', 'STAGING AREA', 93);
INSERT INTO post (id, created_by, date_created, last_edited_by, updated, operation, name, erp_detachment_id) VALUES (348, NULL, '2021-09-17 13:40:15.514', NULL, '2021-09-17 13:40:15.514', 'CREATED', 'SMPI AKEAN', 93);
INSERT INTO post (id, created_by, date_created, last_edited_by, updated, operation, name, erp_detachment_id) VALUES (349, NULL, '2021-09-17 13:40:26.246', NULL, '2021-09-17 13:40:26.246', 'CREATED', 'GATEWAY ENTRANCE', 93);
INSERT INTO post (id, created_by, date_created, last_edited_by, updated, operation, name, erp_detachment_id) VALUES (350, NULL, '2021-09-17 13:40:36.642', NULL, '2021-09-17 13:40:36.642', 'CREATED', 'SIERRA HIGHWAY', 93);
INSERT INTO post (id, created_by, date_created, last_edited_by, updated, operation, name, erp_detachment_id) VALUES (351, NULL, '2021-09-17 13:40:47.407', NULL, '2021-09-17 13:40:47.407', 'CREATED', 'MARRIOT HOTEL', 93);
INSERT INTO post (id, created_by, date_created, last_edited_by, updated, operation, name, erp_detachment_id) VALUES (352, NULL, '2021-09-17 13:41:28.007', NULL, '2021-09-17 13:41:28.007', 'CREATED', 'ROMEO-02#01', 24);
INSERT INTO post (id, created_by, date_created, last_edited_by, updated, operation, name, erp_detachment_id) VALUES (353, NULL, '2021-09-17 13:41:38.124', NULL, '2021-09-17 13:41:38.124', 'CREATED', 'ROMEO-02#02', 24);
INSERT INTO post (id, created_by, date_created, last_edited_by, updated, operation, name, erp_detachment_id) VALUES (354, NULL, '2021-09-17 13:42:11.772', NULL, '2021-09-17 13:42:11.772', 'CREATED', 'ROMEO-04#01', 24);
INSERT INTO post (id, created_by, date_created, last_edited_by, updated, operation, name, erp_detachment_id) VALUES (355, NULL, '2021-09-17 13:42:24.417', NULL, '2021-09-17 13:42:24.417', 'CREATED', 'ROMEO-04#02', 24);
INSERT INTO post (id, created_by, date_created, last_edited_by, updated, operation, name, erp_detachment_id) VALUES (356, NULL, '2021-09-17 13:43:03.57', NULL, '2021-09-17 13:43:03.57', 'CREATED', 'CHARLIE-24#02', 24);
INSERT INTO post (id, created_by, date_created, last_edited_by, updated, operation, name, erp_detachment_id) VALUES (357, NULL, '2021-09-17 13:43:13.282', NULL, '2021-09-17 13:43:13.282', 'CREATED', 'CHARLIE24#1', 24);
INSERT INTO post (id, created_by, date_created, last_edited_by, updated, operation, name, erp_detachment_id) VALUES (358, NULL, '2021-09-17 13:43:30.334', NULL, '2021-09-17 13:43:30.334', 'CREATED', 'DELTA-24#1', 24);
INSERT INTO post (id, created_by, date_created, last_edited_by, updated, operation, name, erp_detachment_id) VALUES (359, NULL, '2021-09-17 13:51:21.274', NULL, '2021-09-17 13:51:21.274', 'CREATED', 'DELTA 24#2', 24);
INSERT INTO post (id, created_by, date_created, last_edited_by, updated, operation, name, erp_detachment_id) VALUES (360, NULL, '2021-09-17 13:51:32.705', NULL, '2021-09-17 13:51:32.705', 'CREATED', 'ALPHA 06#01', 24);
INSERT INTO post (id, created_by, date_created, last_edited_by, updated, operation, name, erp_detachment_id) VALUES (361, NULL, '2021-09-17 13:52:11.475', NULL, '2021-09-17 13:52:11.475', 'CREATED', 'ALPHA#2', 24);
INSERT INTO post (id, created_by, date_created, last_edited_by, updated, operation, name, erp_detachment_id) VALUES (362, NULL, '2021-09-17 13:52:18.53', NULL, '2021-09-17 13:52:18.53', 'CREATED', 'BRAVO#01', 24);
INSERT INTO post (id, created_by, date_created, last_edited_by, updated, operation, name, erp_detachment_id) VALUES (363, NULL, '2021-09-17 13:52:27.568', NULL, '2021-09-17 13:52:27.568', 'CREATED', 'BRAVO 06 #02', 24);
INSERT INTO post (id, created_by, date_created, last_edited_by, updated, operation, name, erp_detachment_id) VALUES (364, NULL, '2021-09-17 13:52:34.506', NULL, '2021-09-17 13:52:34.506', 'CREATED', 'TOWER GATE', 24);
INSERT INTO post (id, created_by, date_created, last_edited_by, updated, operation, name, erp_detachment_id) VALUES (365, NULL, '2021-09-17 13:52:40.945', NULL, '2021-09-17 13:52:40.945', 'CREATED', 'TOWER ROVING', 24);
INSERT INTO post (id, created_by, date_created, last_edited_by, updated, operation, name, erp_detachment_id) VALUES (366, NULL, '2021-09-17 13:52:51.392', NULL, '2021-09-17 13:52:51.392', 'CREATED', 'Departure-A', 24);
INSERT INTO post (id, created_by, date_created, last_edited_by, updated, operation, name, erp_detachment_id) VALUES (367, NULL, '2021-09-17 13:57:31.763', NULL, '2021-09-17 13:57:31.763', 'CREATED', 'SAFE AIR', 24);
INSERT INTO post (id, created_by, date_created, last_edited_by, updated, operation, name, erp_detachment_id) VALUES (368, NULL, '2021-09-17 13:57:57.139', NULL, '2021-09-17 13:57:57.139', 'CREATED', 'PNP #01', 24);
INSERT INTO post (id, created_by, date_created, last_edited_by, updated, operation, name, erp_detachment_id) VALUES (369, NULL, '2021-09-17 13:58:06.594', NULL, '2021-09-17 13:58:06.594', 'CREATED', 'PNP #02', 24);
INSERT INTO post (id, created_by, date_created, last_edited_by, updated, operation, name, erp_detachment_id) VALUES (370, NULL, '2021-09-17 13:58:13.265', NULL, '2021-09-17 13:58:13.265', 'CREATED', 'SIERRA3', 24);
INSERT INTO post (id, created_by, date_created, last_edited_by, updated, operation, name, erp_detachment_id) VALUES (371, NULL, '2021-09-17 13:58:20.231', NULL, '2021-09-17 13:58:20.231', 'CREATED', 'SIERRA-02', 24);
INSERT INTO post (id, created_by, date_created, last_edited_by, updated, operation, name, erp_detachment_id) VALUES (372, NULL, '2021-09-17 13:58:25.382', NULL, '2021-09-17 13:58:25.382', 'CREATED', 'ANS', 24);
INSERT INTO post (id, created_by, date_created, last_edited_by, updated, operation, name, erp_detachment_id) VALUES (374, NULL, '2021-09-17 13:58:43.582', NULL, '2021-09-17 13:58:43.582', 'CREATED', 'LACP', 24);
INSERT INTO post (id, created_by, date_created, last_edited_by, updated, operation, name, erp_detachment_id) VALUES (375, NULL, '2021-09-17 13:58:48.963', NULL, '2021-09-17 13:58:48.963', 'CREATED', 'LECP', 24);
INSERT INTO post (id, created_by, date_created, last_edited_by, updated, operation, name, erp_detachment_id) VALUES (376, NULL, '2021-09-17 13:58:54.896', NULL, '2021-09-17 13:58:54.896', 'CREATED', 'STRIKER', 24);
INSERT INTO post (id, created_by, date_created, last_edited_by, updated, operation, name, erp_detachment_id) VALUES (377, NULL, '2021-09-17 13:59:07.309', NULL, '2021-09-17 13:59:07.309', 'CREATED', 'MAIN GATE', 24);
INSERT INTO post (id, created_by, date_created, last_edited_by, updated, operation, name, erp_detachment_id) VALUES (378, NULL, '2021-09-17 13:59:21.553', NULL, '2021-09-17 13:59:21.553', 'CREATED', 'NABAS ENTRANCE', 24);
INSERT INTO post (id, created_by, date_created, last_edited_by, updated, operation, name, erp_detachment_id) VALUES (379, NULL, '2021-09-17 13:59:34.021', NULL, '2021-09-17 13:59:34.021', 'CREATED', 'ARRIVAL EXIT', 24);
INSERT INTO post (id, created_by, date_created, last_edited_by, updated, operation, name, erp_detachment_id) VALUES (380, NULL, '2021-09-17 13:59:43.012', NULL, '2021-09-17 13:59:43.012', 'CREATED', 'ARRIVAL ENT.', 24);
INSERT INTO post (id, created_by, date_created, last_edited_by, updated, operation, name, erp_detachment_id) VALUES (381, NULL, '2021-09-17 13:59:54.034', NULL, '2021-09-17 13:59:54.034', 'CREATED', 'CHECKPOINT', 24);
INSERT INTO post (id, created_by, date_created, last_edited_by, updated, operation, name, erp_detachment_id) VALUES (382, NULL, '2021-09-17 13:59:59.704', NULL, '2021-09-17 13:59:59.704', 'CREATED', 'PEDESTRIAN', 24);
INSERT INTO post (id, created_by, date_created, last_edited_by, updated, operation, name, erp_detachment_id) VALUES (383, NULL, '2021-09-17 14:00:05.503', NULL, '2021-09-17 14:00:05.503', 'CREATED', 'ASOC', 24);
INSERT INTO post (id, created_by, date_created, last_edited_by, updated, operation, name, erp_detachment_id) VALUES (373, NULL, '2021-09-17 13:58:28.414', NULL, '2021-09-17 14:01:54.212', 'UPDATED', 'ANS', 24);
INSERT INTO post (id, created_by, date_created, last_edited_by, updated, operation, name, erp_detachment_id) VALUES (384, NULL, '2021-09-17 14:02:18.778', NULL, '2021-09-17 14:02:18.778', 'CREATED', 'BUILD-UP-A', 24);
INSERT INTO post (id, created_by, date_created, last_edited_by, updated, operation, name, erp_detachment_id) VALUES (385, NULL, '2021-09-17 14:02:27.202', NULL, '2021-09-17 14:02:27.202', 'CREATED', 'ANNEX ROVING', 24);
INSERT INTO post (id, created_by, date_created, last_edited_by, updated, operation, name, erp_detachment_id) VALUES (386, NULL, '2021-09-17 14:02:41.354', NULL, '2021-09-17 14:02:41.354', 'CREATED', 'TRAFFIC DEP.', 24);
INSERT INTO post (id, created_by, date_created, last_edited_by, updated, operation, name, erp_detachment_id) VALUES (387, NULL, '2021-09-17 14:02:51.995', NULL, '2021-09-17 14:02:51.995', 'CREATED', 'DEP. ENTRANCE-B', 24);
INSERT INTO post (id, created_by, date_created, last_edited_by, updated, operation, name, erp_detachment_id) VALUES (388, NULL, '2021-09-17 14:06:48.699', NULL, '2021-09-17 14:06:48.699', 'CREATED', 'CONTROL TOWER', 24);

INSERT INTO ERP_REGION (ID, NAME) VALUES (1, 'Metro Manila (NCR)');
INSERT INTO ERP_REGION (ID, NAME) VALUES (2, 'Autonomous Region in Muslim Mindanao (ARMM)');
INSERT INTO ERP_REGION (ID, NAME) VALUES (3, 'Bicol');
INSERT INTO ERP_REGION (ID, NAME) VALUES (4, 'Cagayan Valley');
INSERT INTO ERP_REGION (ID, NAME) VALUES (5, 'Calabarzon');
INSERT INTO ERP_REGION (ID, NAME) VALUES (6, 'Caraga');
INSERT INTO ERP_REGION (ID, NAME) VALUES (7, 'Central Luzon');
INSERT INTO ERP_REGION (ID, NAME) VALUES (8, 'Central Visayas');
INSERT INTO ERP_REGION (ID, NAME) VALUES (9, 'Cordillera Administrative Region (CAR)');
INSERT INTO ERP_REGION (ID, NAME) VALUES (10, 'Davao');
INSERT INTO ERP_REGION (ID, NAME) VALUES (11, 'Eastern Visayas');
INSERT INTO ERP_REGION (ID, NAME) VALUES (12, 'Ilocos');
INSERT INTO ERP_REGION (ID, NAME) VALUES (13, 'Mimaropa');
INSERT INTO ERP_REGION (ID, NAME) VALUES (14, 'Northern Mindanao');
INSERT INTO ERP_REGION (ID, NAME) VALUES (15, 'Soccsksargen');
INSERT INTO ERP_REGION (ID, NAME) VALUES (16, 'Western Visayas');
INSERT INTO ERP_REGION (ID, NAME) VALUES (17, 'Zamboanga Peninsula');

INSERT INTO ERP_CITY (ID, NAME, REGION_ID) VALUES (1, 'Caloocan City', 1);
INSERT INTO ERP_CITY (ID, NAME, REGION_ID) VALUES (2, 'Las Pinas City', 1);
INSERT INTO ERP_CITY (ID, NAME, REGION_ID) VALUES (3, 'Makati City', 1);
INSERT INTO ERP_CITY (ID, NAME, REGION_ID) VALUES (4, 'Malabon City', 1);
INSERT INTO ERP_CITY (ID, NAME, REGION_ID) VALUES (5, 'Mandaluyong City', 1);
INSERT INTO ERP_CITY (ID, NAME, REGION_ID) VALUES (6, 'Manila', 1);
INSERT INTO ERP_CITY (ID, NAME, REGION_ID) VALUES (7, 'Marikina City', 1);
INSERT INTO ERP_CITY (ID, NAME, REGION_ID) VALUES (8, 'Muntinlupa City', 1);
INSERT INTO ERP_CITY (ID, NAME, REGION_ID) VALUES (9, 'Navotas City', 1);
INSERT INTO ERP_CITY (ID, NAME, REGION_ID) VALUES (10, 'Paranaque City', 1);
INSERT INTO ERP_CITY (ID, NAME, REGION_ID) VALUES (11, 'Pasay City', 1);
INSERT INTO ERP_CITY (ID, NAME, REGION_ID) VALUES (12, 'Pasig City', 1);
INSERT INTO ERP_CITY (ID, NAME, REGION_ID) VALUES (13, 'Pateros City', 1);
INSERT INTO ERP_CITY (ID, NAME, REGION_ID) VALUES (14, 'Quezon City', 1);
INSERT INTO ERP_CITY (ID, NAME, REGION_ID) VALUES (15, 'San Juan City', 1);
INSERT INTO ERP_CITY (ID, NAME, REGION_ID) VALUES (16, 'Taguig City', 1);
INSERT INTO ERP_CITY (ID, NAME, REGION_ID) VALUES (17, 'Valenzuela City', 1);

INSERT INTO ERP_CITY (ID, NAME, REGION_ID) VALUES (18, 'Akbar', 2);
INSERT INTO ERP_CITY (ID, NAME, REGION_ID) VALUES (19, 'Al-Barka', 2);
INSERT INTO ERP_CITY (ID, NAME, REGION_ID) VALUES (20, 'Ampatuan', 2);
INSERT INTO ERP_CITY (ID, NAME, REGION_ID) VALUES (21, 'Bacolod-Kalaw1(Bacolod Grande)', 2);
INSERT INTO ERP_CITY (ID, NAME, REGION_ID) VALUES (22, 'Balabagan', 2);
INSERT INTO ERP_CITY (ID, NAME, REGION_ID) VALUES (23, 'Balindong(Watu) ', 2);
INSERT INTO ERP_CITY (ID, NAME, REGION_ID) VALUES (24, 'Barira', 2);
INSERT INTO ERP_CITY (ID, NAME, REGION_ID) VALUES (25, 'Bayang', 2);
INSERT INTO ERP_CITY (ID, NAME, REGION_ID) VALUES (26, 'Binidayan', 2);
INSERT INTO ERP_CITY (ID, NAME, REGION_ID) VALUES (27, 'Bongao', 2);
INSERT INTO ERP_CITY (ID, NAME, REGION_ID) VALUES (28, 'Buadiposo-Buntong', 2);
INSERT INTO ERP_CITY (ID, NAME, REGION_ID) VALUES (29, 'Bubong', 2);
INSERT INTO ERP_CITY (ID, NAME, REGION_ID) VALUES (30, 'Buldon', 2);
INSERT INTO ERP_CITY (ID, NAME, REGION_ID) VALUES (31, 'Buluan', 2);
INSERT INTO ERP_CITY (ID, NAME, REGION_ID) VALUES (32, 'Bumbaran', 2);
INSERT INTO ERP_CITY (ID, NAME, REGION_ID) VALUES (33, 'Butig', 2);
INSERT INTO ERP_CITY (ID, NAME, REGION_ID) VALUES (34, 'Calanogas', 2);
INSERT INTO ERP_CITY (ID, NAME, REGION_ID) VALUES (35, 'City of Isabela', 2);
INSERT INTO ERP_CITY (ID, NAME, REGION_ID) VALUES (36, 'Cotabato', 2);
INSERT INTO ERP_CITY (ID, NAME, REGION_ID) VALUES (37, 'Datu Abdullah Sangki', 2);
INSERT INTO ERP_CITY (ID, NAME, REGION_ID) VALUES (38, 'Datu Anggal Midtimbang', 2);
INSERT INTO ERP_CITY (ID, NAME, REGION_ID) VALUES (39, 'Datu Blah T. Sinsuat', 2);
INSERT INTO ERP_CITY (ID, NAME, REGION_ID) VALUES (40, 'Datu Hoffer Ampatuan', 2);
INSERT INTO ERP_CITY (ID, NAME, REGION_ID) VALUES (41, 'Datu Odin Sinsuat(Dinaig)', 2);
INSERT INTO ERP_CITY (ID, NAME, REGION_ID) VALUES (42, 'Datu Paglas', 2);
INSERT INTO ERP_CITY (ID, NAME, REGION_ID) VALUES (43, 'Datu Piang', 2);
INSERT INTO ERP_CITY (ID, NAME, REGION_ID) VALUES (44, 'Datu Salibo', 2);
INSERT INTO ERP_CITY (ID, NAME, REGION_ID) VALUES (45, 'Datu Saudi-Ampatuan', 2);
INSERT INTO ERP_CITY (ID, NAME, REGION_ID) VALUES (46, 'Datu Unsay', 2);
INSERT INTO ERP_CITY (ID, NAME, REGION_ID) VALUES (47, 'Ditsaan-Ramain', 2);
INSERT INTO ERP_CITY (ID, NAME, REGION_ID) VALUES (48, 'Ganassi', 2);
INSERT INTO ERP_CITY (ID, NAME, REGION_ID) VALUES (49, 'Gen. S.K. Pendatun', 2);
INSERT INTO ERP_CITY (ID, NAME, REGION_ID) VALUES (50, 'Guindulungan', 2);
INSERT INTO ERP_CITY (ID, NAME, REGION_ID) VALUES (51, 'Hadji Mohammad Ajul', 2);
INSERT INTO ERP_CITY (ID, NAME, REGION_ID) VALUES (52, 'Hadji Muhtamad', 2);
INSERT INTO ERP_CITY (ID, NAME, REGION_ID) VALUES (53, 'Hadji Panglima Tahil(Marunggas)', 2);
INSERT INTO ERP_CITY (ID, NAME, REGION_ID) VALUES (54, 'Indanan', 2);
INSERT INTO ERP_CITY (ID, NAME, REGION_ID) VALUES (55, 'Inodaran', 2);
INSERT INTO ERP_CITY (ID, NAME, REGION_ID) VALUES (56, 'Jolo', 2);
INSERT INTO ERP_CITY (ID, NAME, REGION_ID) VALUES (57, 'Kabuntalan (Tumbao)', 2);
INSERT INTO ERP_CITY (ID, NAME, REGION_ID) VALUES (58, 'Kalingalan Caluang', 2);
INSERT INTO ERP_CITY (ID, NAME, REGION_ID) VALUES (59, 'Kansipat', 2);
INSERT INTO ERP_CITY (ID, NAME, REGION_ID) VALUES (60, 'Kapai', 2);
INSERT INTO ERP_CITY (ID, NAME, REGION_ID) VALUES (61, 'Kapatagan', 2);
INSERT INTO ERP_CITY (ID, NAME, REGION_ID) VALUES (62, 'Languyan', 2);
INSERT INTO ERP_CITY (ID, NAME, REGION_ID) VALUES (63, 'Lantawan', 2);
INSERT INTO ERP_CITY (ID, NAME, REGION_ID) VALUES (64, 'Litayan', 2);
INSERT INTO ERP_CITY (ID, NAME, REGION_ID) VALUES (65, 'Lugus', 2);
INSERT INTO ERP_CITY (ID, NAME, REGION_ID) VALUES (66, 'Lumba-Bayabao(Maguing)', 2);
INSERT INTO ERP_CITY (ID, NAME, REGION_ID) VALUES (67, 'Lumbaca-Unayan', 2);
INSERT INTO ERP_CITY (ID, NAME, REGION_ID) VALUES (68, 'Lumbatan', 2);
INSERT INTO ERP_CITY (ID, NAME, REGION_ID) VALUES (69, 'Lumbayanague', 2);
INSERT INTO ERP_CITY (ID, NAME, REGION_ID) VALUES (70, 'Lutayan', 2);
INSERT INTO ERP_CITY (ID, NAME, REGION_ID) VALUES (71, 'Luuk', 2);
INSERT INTO ERP_CITY (ID, NAME, REGION_ID) VALUES (72, 'Madalum', 2);
INSERT INTO ERP_CITY (ID, NAME, REGION_ID) VALUES (73, 'Madamba', 2);
INSERT INTO ERP_CITY (ID, NAME, REGION_ID) VALUES (74, 'Maguing', 2);
INSERT INTO ERP_CITY (ID, NAME, REGION_ID) VALUES (75, 'Maimbung', 2);
INSERT INTO ERP_CITY (ID, NAME, REGION_ID) VALUES (76, 'Malabang', 2);
INSERT INTO ERP_CITY (ID, NAME, REGION_ID) VALUES (77, 'Maluso', 2);
INSERT INTO ERP_CITY (ID, NAME, REGION_ID) VALUES (78, 'Mamasapano', 2);
INSERT INTO ERP_CITY (ID, NAME, REGION_ID) VALUES (79, 'Mangudadatu', 2);
INSERT INTO ERP_CITY (ID, NAME, REGION_ID) VALUES (80, 'Marawi City', 2);
INSERT INTO ERP_CITY (ID, NAME, REGION_ID) VALUES (81, 'Marogong', 2);
INSERT INTO ERP_CITY (ID, NAME, REGION_ID) VALUES (82, 'Masiu', 2);
INSERT INTO ERP_CITY (ID, NAME, REGION_ID) VALUES (83, 'Matanog', 2);
INSERT INTO ERP_CITY (ID, NAME, REGION_ID) VALUES (84, 'Mulondo', 2);
INSERT INTO ERP_CITY (ID, NAME, REGION_ID) VALUES (85, 'Municipality of Mapun', 2);
INSERT INTO ERP_CITY (ID, NAME, REGION_ID) VALUES (86, 'New Batu Batu', 2);
INSERT INTO ERP_CITY (ID, NAME, REGION_ID) VALUES (87, 'Northern Kabuntalan', 2);
INSERT INTO ERP_CITY (ID, NAME, REGION_ID) VALUES (88, 'Old Panamao', 2);
INSERT INTO ERP_CITY (ID, NAME, REGION_ID) VALUES (89, 'Omar', 2);
INSERT INTO ERP_CITY (ID, NAME, REGION_ID) VALUES (90, 'Pagagawan', 2);
INSERT INTO ERP_CITY (ID, NAME, REGION_ID) VALUES (91, 'Pagalungan', 2);
INSERT INTO ERP_CITY (ID, NAME, REGION_ID) VALUES (92, 'Pagayawan', 2);
INSERT INTO ERP_CITY (ID, NAME, REGION_ID) VALUES (93, 'Paglat', 2);
INSERT INTO ERP_CITY (ID, NAME, REGION_ID) VALUES (94, 'Pandag', 2);
INSERT INTO ERP_CITY (ID, NAME, REGION_ID) VALUES (95, 'Pandami', 2);
INSERT INTO ERP_CITY (ID, NAME, REGION_ID) VALUES (96, 'Panglima Estino(New Panamao)', 2);
INSERT INTO ERP_CITY (ID, NAME, REGION_ID) VALUES (97, 'Panglima Sugala(Balimbing)', 2);
INSERT INTO ERP_CITY (ID, NAME, REGION_ID) VALUES (98, 'Pangutaran', 2);
INSERT INTO ERP_CITY (ID, NAME, REGION_ID) VALUES (99, 'Parang, Maguindanao', 2);
INSERT INTO ERP_CITY (ID, NAME, REGION_ID) VALUES (100, 'Parang, Sulu', 2);
INSERT INTO ERP_CITY (ID, NAME, REGION_ID) VALUES (101, 'Pata', 2);
INSERT INTO ERP_CITY (ID, NAME, REGION_ID) VALUES (102, 'Patikul', 2);
INSERT INTO ERP_CITY (ID, NAME, REGION_ID) VALUES (103, 'Piagapo', 2);
INSERT INTO ERP_CITY (ID, NAME, REGION_ID) VALUES (104, 'Picong(Sultan Gumander)', 2);
INSERT INTO ERP_CITY (ID, NAME, REGION_ID) VALUES (105, 'Poona Bayabao(Gata)', 2);
INSERT INTO ERP_CITY (ID, NAME, REGION_ID) VALUES (106, 'Pualas', 2);
INSERT INTO ERP_CITY (ID, NAME, REGION_ID) VALUES (107, 'Rajah Buayan', 2);
INSERT INTO ERP_CITY (ID, NAME, REGION_ID) VALUES (108, 'Saguiaran', 2);
INSERT INTO ERP_CITY (ID, NAME, REGION_ID) VALUES (109, 'Sapa-Sapa', 2);
INSERT INTO ERP_CITY (ID, NAME, REGION_ID) VALUES (110, 'Shariff Aguak(Maganoy)', 2);
INSERT INTO ERP_CITY (ID, NAME, REGION_ID) VALUES (111, 'Shariff Saydona Mustapha', 2);
INSERT INTO ERP_CITY (ID, NAME, REGION_ID) VALUES (112, 'Siasi', 2);
INSERT INTO ERP_CITY (ID, NAME, REGION_ID) VALUES (113, 'Sibutu', 2);
INSERT INTO ERP_CITY (ID, NAME, REGION_ID) VALUES (114, 'Simunul', 2);
INSERT INTO ERP_CITY (ID, NAME, REGION_ID) VALUES (115, 'Sitangkai', 2);
INSERT INTO ERP_CITY (ID, NAME, REGION_ID) VALUES (116, 'South Ubian', 2);
INSERT INTO ERP_CITY (ID, NAME, REGION_ID) VALUES (117, 'South Upi', 2);
INSERT INTO ERP_CITY (ID, NAME, REGION_ID) VALUES (118, 'Sultan Dumalondong', 2);
INSERT INTO ERP_CITY (ID, NAME, REGION_ID) VALUES (119, 'Sultan Kudarat', 2);
INSERT INTO ERP_CITY (ID, NAME, REGION_ID) VALUES (120, 'Sultan Mastura', 2);
INSERT INTO ERP_CITY (ID, NAME, REGION_ID) VALUES (121, 'Sultan sa Barongis', 2);
INSERT INTO ERP_CITY (ID, NAME, REGION_ID) VALUES (122, 'Sumisip', 2);
INSERT INTO ERP_CITY (ID, NAME, REGION_ID) VALUES (123, 'Tabuan-Lasa', 2);
INSERT INTO ERP_CITY (ID, NAME, REGION_ID) VALUES (124, 'Tagoloan li', 2);
INSERT INTO ERP_CITY (ID, NAME, REGION_ID) VALUES (125, 'Talayan', 2);
INSERT INTO ERP_CITY (ID, NAME, REGION_ID) VALUES (126, 'Talipaw', 2);
INSERT INTO ERP_CITY (ID, NAME, REGION_ID) VALUES (127, 'Talitay', 2);
INSERT INTO ERP_CITY (ID, NAME, REGION_ID) VALUES (128, 'Tamparan', 2);
INSERT INTO ERP_CITY (ID, NAME, REGION_ID) VALUES (129, 'Tandubas', 2);
INSERT INTO ERP_CITY (ID, NAME, REGION_ID) VALUES (130, 'Tapul', 2);
INSERT INTO ERP_CITY (ID, NAME, REGION_ID) VALUES (131, 'Taraka', 2);
INSERT INTO ERP_CITY (ID, NAME, REGION_ID) VALUES (132, 'Tipo-Tipo', 2);
INSERT INTO ERP_CITY (ID, NAME, REGION_ID) VALUES (133, 'Tongkil', 2);
INSERT INTO ERP_CITY (ID, NAME, REGION_ID) VALUES (134, 'Tubaran', 2);
INSERT INTO ERP_CITY (ID, NAME, REGION_ID) VALUES (136, 'Tugaya', 2);
INSERT INTO ERP_CITY (ID, NAME, REGION_ID) VALUES (137, 'Turtle Islands', 2);
INSERT INTO ERP_CITY (ID, NAME, REGION_ID) VALUES (138, 'Ungkaya Pukan', 2);
INSERT INTO ERP_CITY (ID, NAME, REGION_ID) VALUES (139, 'Upi', 2);
INSERT INTO ERP_CITY (ID, NAME, REGION_ID) VALUES (140, 'Wao', 2);

INSERT INTO ERP_CITY (ID, NAME, REGION_ID) VALUES (141, 'Aroroy', 3);
INSERT INTO ERP_CITY (ID, NAME, REGION_ID) VALUES (142, 'Baao', 3);
INSERT INTO ERP_CITY (ID, NAME, REGION_ID) VALUES (143, 'Bacacay', 3);
INSERT INTO ERP_CITY (ID, NAME, REGION_ID) VALUES (144, 'Bagamanoc', 3);
INSERT INTO ERP_CITY (ID, NAME, REGION_ID) VALUES (145, 'Balatan', 3);
INSERT INTO ERP_CITY (ID, NAME, REGION_ID) VALUES (146, 'Baleno', 3);
INSERT INTO ERP_CITY (ID, NAME, REGION_ID) VALUES (147, 'Balud', 3);
INSERT INTO ERP_CITY (ID, NAME, REGION_ID) VALUES (148, 'Baras', 3);
INSERT INTO ERP_CITY (ID, NAME, REGION_ID) VALUES (149, 'Barcelona', 3);
INSERT INTO ERP_CITY (ID, NAME, REGION_ID) VALUES (150, 'Basud', 3);
INSERT INTO ERP_CITY (ID, NAME, REGION_ID) VALUES (151, 'Bato', 3);
INSERT INTO ERP_CITY (ID, NAME, REGION_ID) VALUES (152, 'Batuan', 3);
INSERT INTO ERP_CITY (ID, NAME, REGION_ID) VALUES (153, 'Bombon', 3);
INSERT INTO ERP_CITY (ID, NAME, REGION_ID) VALUES (154, 'Buhi', 3);
INSERT INTO ERP_CITY (ID, NAME, REGION_ID) VALUES (155, 'Bula', 3);
INSERT INTO ERP_CITY (ID, NAME, REGION_ID) VALUES (156, 'Bulan', 3);
INSERT INTO ERP_CITY (ID, NAME, REGION_ID) VALUES (157, 'Bulusan', 3);
INSERT INTO ERP_CITY (ID, NAME, REGION_ID) VALUES (158, 'Cabusao', 3);
INSERT INTO ERP_CITY (ID, NAME, REGION_ID) VALUES (159, 'Calabanga', 3);
INSERT INTO ERP_CITY (ID, NAME, REGION_ID) VALUES (160, 'Camalig', 3);
INSERT INTO ERP_CITY (ID, NAME, REGION_ID) VALUES (161, 'Camaligan', 3);
INSERT INTO ERP_CITY (ID, NAME, REGION_ID) VALUES (162, 'Canaman', 3);
INSERT INTO ERP_CITY (ID, NAME, REGION_ID) VALUES (163, 'Capalonga', 3);
INSERT INTO ERP_CITY (ID, NAME, REGION_ID) VALUES (164, 'Caramoan', 3);
INSERT INTO ERP_CITY (ID, NAME, REGION_ID) VALUES (165, 'Caramoran', 3);
INSERT INTO ERP_CITY (ID, NAME, REGION_ID) VALUES (166, 'Casiguran', 3);
INSERT INTO ERP_CITY (ID, NAME, REGION_ID) VALUES (167, 'Castilla', 3);
INSERT INTO ERP_CITY (ID, NAME, REGION_ID) VALUES (168, 'Cataingan', 3);
INSERT INTO ERP_CITY (ID, NAME, REGION_ID) VALUES (169, 'Cawayan', 3);
INSERT INTO ERP_CITY (ID, NAME, REGION_ID) VALUES (170, 'Claveria', 3);